Player,Team,Age,G,GS,CG,SHO,IP,H,ER,K,BB,HR,W,L,SV,BS,HLD,ERA,WHIP,year
Clayton Kershaw,LAD,33,33,33,4,3,232.2,163,55,301,42,15,16,7,0,0,0,2.13,0.88,2015
Dallas Keuchel,HOU,34,33,33,3,2,232,185,64,216,51,17,20,8,0,0,0,2.48,1.02,2015
Jake Arrieta,CHC,35,33,33,4,3,229,150,45,236,48,10,22,6,0,0,0,1.77,0.86,2015
Max Scherzer,WAS,37,33,33,4,3,228.2,176,71,276,34,27,14,12,0,0,0,2.79,0.92,2015
Zack Greinke,LAD,38,32,32,1,0,222.2,148,41,200,40,14,19,3,0,0,0,1.66,0.84,2015
Corey Kluber,CLE,35,32,32,4,0,222,189,86,245,45,22,9,16,0,0,0,3.49,1.05,2015
Madison Bumgarner,SF,32,32,32,4,2,218.1,181,71,234,39,21,18,9,0,0,0,2.93,1.01,2015
John Lackey,STL,43,33,33,1,0,218,211,67,175,53,21,13,10,0,0,0,2.77,1.21,2015
R.A. Dickey,TOR,47,33,33,2,0,214.1,195,93,126,61,25,11,11,0,0,0,3.91,1.19,2015
Jeff Samardzija,CWS,37,32,32,2,2,214,228,118,163,49,29,11,13,0,0,0,4.96,1.29,2015
Chris Archer,TB,33,34,34,1,1,212,175,76,252,66,19,12,13,0,0,0,3.23,1.14,2015
Chris Sale,CWS,32,31,31,1,0,208.2,185,79,274,42,23,13,11,0,0,0,3.41,1.09,2015
Sonny Gray,OAK,32,31,31,3,2,208,166,63,169,59,17,14,7,0,0,0,2.73,1.08,2015
Gerrit Cole,PIT,31,32,32,0,0,208,183,60,202,44,11,19,8,0,0,0,2.6,1.09,2015
Garrett Richards,LAA,33,32,32,1,1,207.1,181,84,176,76,20,15,12,0,0,0,3.65,1.24,2015
Jose Quintana,CWS,33,32,32,1,1,206.1,218,77,177,44,16,9,10,0,0,0,3.36,1.27,2015
Shelby Miller,ATL,31,33,33,2,2,205.1,183,69,171,73,13,6,17,0,0,0,3.02,1.25,2015
Jon Lester,CHC,38,32,32,1,0,205,183,76,207,47,16,11,12,0,0,0,3.34,1.12,2015
Colby Lewis,TEX,42,33,33,2,1,204.2,211,106,142,42,26,17,9,0,0,0,4.66,1.24,2015
Collin McHugh,HOU,34,32,32,0,0,203.2,207,88,171,53,19,19,7,0,0,0,3.89,1.28,2015
James Shields,SD,40,33,33,0,0,202.1,189,88,216,81,33,13,7,0,0,0,3.91,1.33,2015
Jordan Zimmermann,WAS,35,33,33,0,0,201.2,204,82,164,39,24,13,10,0,0,0,3.66,1.2,2015
Felix Hernandez,SEA,35,31,31,2,2,201.2,180,79,191,58,23,18,9,0,0,0,3.53,1.18,2015
Julio Teheran,ATL,31,33,33,0,0,200.2,189,90,171,73,27,11,8,0,0,0,4.04,1.31,2015
Edinson Volquez,KC,38,34,33,1,0,200.1,190,79,155,72,16,13,9,0,0,0,3.55,1.31,2015
Mark Buehrle,TOR,42,32,32,4,1,198.2,214,84,91,33,22,15,8,0,0,0,3.81,1.24,2015
Tyson Ross,SD,34,33,33,1,0,196,172,71,212,84,9,10,12,0,0,0,3.26,1.31,2015
Kyle Gibson,MIN,34,32,32,1,0,194.2,186,83,145,65,18,11,11,0,0,0,3.84,1.29,2015
Bartolo Colon,NYM,48,33,31,1,1,194.2,217,90,136,24,25,14,13,0,0,0,4.16,1.24,2015
Wade Miley,BOS,35,32,32,1,0,193.2,201,96,147,64,17,11,11,0,0,0,4.46,1.37,2015
Wei-Yin Chen,BAL,36,31,31,0,0,191.1,192,71,153,41,28,11,8,0,0,0,3.34,1.22,2015
Jacob deGrom,NYM,33,30,30,0,0,191,149,54,205,38,16,14,8,0,0,0,2.54,0.98,2015
Matt Harvey,NYM,32,29,29,0,0,189.1,156,57,188,37,18,13,8,0,0,0,2.71,1.02,2015
Rubby De La Rosa,ARI,32,32,32,0,0,188.2,193,98,150,63,32,14,9,0,0,0,4.67,1.36,2015
Tom Koehler,MIA,35,32,31,0,0,187.1,180,85,137,77,22,11,14,0,0,0,4.08,1.37,2015
Alfredo Simon,DET,40,31,31,2,1,187,201,105,117,68,24,13,12,0,0,0,5.05,1.44,2015
Francisco Liriano,PIT,38,31,31,0,0,186.2,155,70,205,70,15,12,7,0,0,0,3.38,1.21,2015
Danny Salazar,CLE,32,30,30,0,0,185,156,71,195,53,23,14,10,0,0,0,3.45,1.13,2015
Andrew Cashner,SD,35,31,31,0,0,184.2,200,89,165,66,19,6,16,0,0,0,4.34,1.44,2015
Anthony DeSclafani,CIN,31,31,31,0,0,184.2,194,83,151,55,17,9,13,0,0,0,4.05,1.35,2015
Yovani Gallardo,TEX,36,33,33,0,0,184.1,193,70,121,68,15,13,11,0,0,0,3.42,1.42,2015
Ubaldo Jimenez,BAL,38,32,32,0,0,184,182,84,168,68,20,12,10,0,0,0,4.11,1.36,2015
Carlos Carrasco,CLE,34,30,30,3,1,183.2,154,74,216,43,18,14,12,0,0,0,3.63,1.07,2015
Michael Wacha,STL,30,30,30,0,0,181.1,162,68,153,58,19,17,7,0,0,0,3.38,1.21,2015
Marco Estrada,TOR,38,34,28,0,0,181,134,63,131,55,24,13,8,0,0,0,3.13,1.04,2015
Hector Santiago,LAA,34,33,32,0,0,180.2,156,72,162,71,29,9,9,0,0,0,3.59,1.26,2015
Brett Anderson,LAD,34,31,31,1,0,180.1,194,74,116,46,18,10,9,0,0,0,3.69,1.33,2015
Kyle Hendricks,CHC,32,32,32,1,1,180,166,79,167,43,17,8,7,0,0,0,3.95,1.16,2015
Carlos Martinez,STL,30,31,29,0,0,179.2,168,60,184,63,13,14,7,0,0,1,3.01,1.29,2015
Chris Heston,SF,33,31,31,2,1,177.2,169,78,141,64,16,12,11,0,0,0,3.95,1.31,2015
John Danks,CWS,36,30,30,2,1,177.2,195,93,124,56,24,7,15,0,0,0,4.71,1.41,2015
Jimmy Nelson,MIL,32,30,30,0,0,177.1,163,81,148,65,18,11,13,0,0,0,4.11,1.29,2015
Jon Niese,NYM,35,33,29,0,0,176.2,192,81,113,55,20,9,10,0,0,0,4.13,1.4,2015
Trevor Bauer,CLE,31,31,30,1,0,176,152,89,170,79,23,11,12,0,0,0,4.55,1.31,2015
Gio Gonzalez,WAS,36,31,31,0,0,175.2,181,74,169,69,8,11,8,0,0,0,3.79,1.42,2015
Lance Lynn,STL,34,31,31,0,0,175.1,172,59,167,68,13,12,11,0,0,0,3.03,1.37,2015
Chris Tillman,BAL,33,31,31,0,0,173,176,96,120,64,20,11,11,0,0,0,4.99,1.39,2015
Aaron Harang,PHI,43,29,29,0,0,172.1,189,93,108,51,26,6,15,0,0,0,4.86,1.39,2015
Rick Porcello,BOS,33,28,28,0,0,172,196,94,149,38,25,9,15,0,0,0,4.92,1.36,2015
Jason Hammel,CHC,39,31,31,0,0,170.2,158,71,172,40,23,10,7,0,0,0,3.74,1.16,2015
Taijuan Walker,SEA,29,29,29,1,0,169.2,163,86,157,40,25,11,8,0,0,0,4.56,1.2,2015
Jake Odorizzi,TB,31,28,28,0,0,169.1,149,63,150,46,18,9,9,0,0,0,3.35,1.15,2015
Ian Kennedy,SD,37,30,30,0,0,168.1,166,80,174,52,31,9,15,0,0,0,4.28,1.3,2015
Jeff Locke,PIT,34,30,30,0,0,168.1,179,84,129,60,15,8,11,0,0,0,4.49,1.42,2015
CC Sabathia,NYY,41,29,29,1,0,167.1,188,88,137,50,28,6,10,0,0,0,4.73,1.42,2015
Mike Pelfrey,MIN,38,30,30,0,0,164.2,198,78,86,45,11,6,11,0,0,0,4.26,1.48,2015
A.J. Burnett,PIT,45,26,26,0,0,164,174,58,143,49,11,9,7,0,0,0,3.18,1.36,2015
Yordano Ventura,KC,30,28,28,0,0,163.1,154,74,156,58,14,13,8,0,0,0,4.08,1.3,2015
Erasmo Ramirez,TB,31,34,27,0,0,163.1,145,68,126,40,16,11,6,0,0,0,3.75,1.13,2015
Michael Pineda,NYY,33,27,27,1,0,160.2,176,78,156,21,21,12,10,0,0,0,4.37,1.23,2015
Jered Weaver,LAA,39,26,26,1,1,159,163,82,90,33,24,7,12,0,0,0,4.64,1.23,2015
Anibal Sanchez,DET,38,25,25,1,1,157,152,87,138,49,29,10,10,0,0,0,4.99,1.28,2015
Jesse Chavez,OAK,38,30,26,0,0,157,164,73,136,48,18,7,15,1,0,0,4.18,1.35,2015
Phil Hughes,MIN,35,27,25,1,0,155.1,184,76,94,16,29,11,9,0,0,0,4.4,1.29,2015
Nathan Eovaldi,NYY,32,27,27,0,0,154.1,175,72,121,49,10,14,3,0,0,0,4.2,1.45,2015
Masahiro Tanaka,NYY,33,24,24,1,0,154,126,60,139,27,25,12,7,0,0,0,3.51,0.99,2015
Chase Anderson,ARI,34,27,27,0,0,152.2,158,73,111,40,18,6,6,0,0,0,4.3,1.3,2015
Kyle Lohse,MIL,43,37,22,0,0,152.1,180,99,108,43,29,5,13,2,0,2,5.85,1.46,2015
Drew Hutchison,TOR,31,30,28,1,1,150.1,179,93,129,44,22,13,5,0,0,0,5.57,1.48,2015
Noah Syndergaard,NYM,29,24,24,0,0,150,126,54,166,31,19,9,7,0,0,0,3.24,1.05,2015
Jorge De La Rosa,COL,40,26,26,1,0,149,137,69,134,65,17,9,7,0,0,0,4.17,1.36,2015
Matt Garza,MIL,38,26,25,0,0,148.2,176,93,104,57,23,6,14,0,0,0,5.63,1.57,2015
Jeremy Guthrie,KC,42,30,24,0,0,148.1,186,98,84,44,29,8,8,0,0,0,5.95,1.55,2015
Nate Karns,TB,34,27,26,0,0,147,132,60,145,56,19,7,5,0,0,0,3.67,1.28,2015
David Price,DET,36,21,21,3,1,146,133,41,138,29,13,9,4,0,0,0,2.53,1.11,2015
Jeremy Hellickson,ARI,34,27,27,0,0,146,151,75,121,43,22,9,12,0,0,0,4.62,1.33,2015
Miguel Gonzalez,BAL,37,26,26,0,0,144.2,151,79,109,51,24,9,12,0,0,0,4.91,1.4,2015
Kyle Kendrick,COL,37,27,27,0,0,142.1,172,100,80,45,33,7,13,0,0,0,6.32,1.52,2015
Carlos Rodon,CWS,29,26,23,1,0,139.1,130,58,139,71,11,9,6,0,0,0,3.75,1.44,2015
Danny Duffy,KC,33,30,24,0,0,136.2,137,62,102,53,15,7,8,1,0,2,4.08,1.39,2015
Mike Leake,CIN,34,21,21,1,0,136.2,123,54,90,34,14,9,5,0,0,0,3.56,1.15,2015
Matt Shoemaker,LAA,35,25,24,0,0,135.1,135,67,116,35,24,7,10,0,0,0,4.46,1.26,2015
Ryan Vogelsong,SF,44,33,22,0,0,135,140,70,108,58,17,9,11,0,1,0,4.67,1.47,2015
Joe Kelly,BOS,33,25,25,0,0,134.1,145,72,110,49,15,10,6,0,0,0,4.82,1.44,2015
Justin Verlander,DET,39,20,20,1,1,133.1,113,50,113,32,13,5,8,0,0,0,3.38,1.09,2015
C.J. Wilson,LAA,41,21,21,0,0,132,118,57,110,46,13,8,8,0,0,0,3.89,1.24,2015
Chris Rusin,COL,35,24,22,2,1,131.2,170,78,86,41,19,6,10,0,0,0,5.33,1.6,2015
Adam Warren,NYY,34,43,17,0,0,131.1,114,48,104,39,10,7,7,1,0,3,3.29,1.16,2015
Johnny Cueto,CIN,36,19,19,1,1,130.2,93,38,120,29,11,7,6,0,0,0,2.62,0.93,2015
Jaime Garcia,STL,35,20,20,0,0,129.2,106,35,97,30,6,10,6,0,0,0,2.43,1.05,2015
Hisashi Iwakuma,SEA,40,20,20,1,1,129.2,117,51,111,21,18,9,5,0,0,0,3.54,1.06,2015
Charlie Morton,PIT,38,23,23,0,0,129,137,69,96,41,13,9,9,0,0,0,4.81,1.38,2015
Dan Haren,MIA,41,21,21,0,0,129,116,49,88,25,21,7,7,0,0,0,3.42,1.09,2015
Cole Hamels,PHI,38,20,20,1,1,128.2,113,52,137,39,12,6,7,0,0,0,3.64,1.18,2015
Tommy Milone,MIN,35,24,23,0,0,128.2,128,56,91,36,17,9,5,1,0,0,3.92,1.27,2015
Robbie Ray,ARI,30,23,23,0,0,127.2,121,50,119,49,9,5,12,0,0,0,3.52,1.33,2015
Stephen Strasburg,WAS,33,23,23,0,0,127.1,115,49,155,26,14,11,7,0,0,0,3.46,1.11,2015
Odrisamer Despaigne,SD,34,34,18,0,0,125.2,142,81,69,32,17,5,9,0,0,0,5.8,1.38,2015
Lance McCullers,HOU,28,22,22,1,0,125.2,106,45,129,43,10,6,7,0,0,0,3.22,1.19,2015
Nick Martinez,TEX,31,24,21,0,0,125,135,55,77,46,16,7,7,0,0,0,3.96,1.45,2015
Tim Hudson,SF,46,24,22,0,0,123.2,134,61,64,37,13,8,9,0,0,0,4.44,1.38,2015
Chris Young,KC,42,34,18,0,0,123.1,91,42,83,43,16,11,6,0,1,2,3.06,1.09,2015
Eduardo Rodriguez,BOS,28,21,21,0,0,121.2,120,52,98,37,13,10,6,0,0,0,3.85,1.29,2015
Jerome Williams,PHI,40,33,21,0,0,121,161,78,74,34,22,4,12,1,1,4,5.8,1.61,2015
Josh Collmenter,ARI,36,44,12,1,1,121,129,51,63,24,18,4,6,1,0,1,3.79,1.26,2015
Taylor Jungmann,MIL,32,21,21,1,0,119.1,106,50,107,47,11,9,8,0,0,0,3.77,1.28,2015
Alex Wood,ATL,31,20,20,0,0,119.1,132,47,90,36,8,7,6,0,0,0,3.54,1.41,2015
Mike Fiers,MIL,36,21,21,0,0,118,117,51,121,43,14,5,9,0,0,0,3.89,1.36,2015
Williams Perez,ATL,30,23,20,1,0,116.2,130,62,73,51,13,7,6,1,0,0,4.78,1.55,2015
Kendall Graveman,OAK,31,21,21,1,0,115.2,126,52,77,38,15,6,9,0,0,0,4.05,1.42,2015
Roenis Elias,SEA,33,22,20,0,0,115.1,106,53,97,44,15,5,8,0,0,1,4.14,1.3,2015
Chad Bettis,COL,32,20,20,0,0,115,120,54,98,42,11,8,6,0,0,0,4.23,1.41,2015
Trevor May,MIN,32,48,16,0,0,114.2,127,51,110,26,11,8,9,0,2,7,4,1.33,2015
Michael Lorenzen,CIN,30,27,21,0,0,113.1,131,68,83,57,18,4,9,0,0,1,5.4,1.66,2015
Clay Buchholz,BOS,37,18,18,1,0,113.1,114,41,107,23,6,7,7,0,0,0,3.26,1.21,2015
Kevin Gausman,BAL,31,25,17,0,0,112.1,109,53,103,29,17,4,7,0,0,1,4.25,1.23,2015
David Phelps,MIA,35,23,19,0,0,112,119,56,77,33,11,4,8,0,0,0,4.5,1.36,2015
Tanner Roark,WAS,35,40,12,0,0,111,119,54,70,26,17,4,7,1,1,4,4.38,1.31,2015
Jake Peavy,SF,40,19,19,0,0,110.2,99,44,78,25,12,8,6,0,0,0,3.58,1.12,2015
Scott Kazmir,OAK,38,18,18,0,0,109.2,84,29,101,35,7,5,5,0,0,0,2.38,1.09,2015
Alex Colome,TB,33,43,13,0,0,109.2,112,48,88,31,9,8,5,0,5,8,3.94,1.3,2015
Michael Bolsinger,LAD,34,21,21,0,0,109.1,104,44,98,45,11,6,6,0,0,0,3.62,1.36,2015
Matt Wisler,ATL,29,20,19,0,0,109,119,57,72,40,16,8,8,0,0,0,4.71,1.46,2015
Wily Peralta,MIL,32,20,20,0,0,108.2,130,57,60,37,14,5,10,0,0,0,4.72,1.54,2015
J.A. Happ,SEA,39,21,20,0,0,108.2,121,56,82,32,13,4,6,0,0,0,4.64,1.41,2015
Scott Feldman,HOU,39,18,18,0,0,108.1,115,47,61,27,13,5,5,0,0,0,3.9,1.31,2015
Ervin Santana,MIN,39,17,17,0,0,108,104,48,82,36,12,7,5,0,0,0,4,1.3,2015
Andrew Heaney,LAA,30,18,18,0,0,105.2,99,41,78,28,9,6,4,0,0,0,3.49,1.2,2015
Doug Fister,WAS,38,25,15,0,0,103,120,48,63,24,14,5,7,1,0,0,4.19,1.4,2015
Travis Wood,CHC,35,54,9,0,0,100.2,86,43,118,39,11,5,4,4,0,3,3.84,1.24,2015
Jesse Hahn,OAK,32,16,16,1,1,96.2,88,36,64,25,5,6,6,0,0,0,3.35,1.17,2015
Raisel Iglesias,CIN,32,18,16,0,0,95.1,81,44,104,28,11,3,7,0,0,0,4.15,1.14,2015
Ivan Nova,NYY,35,17,17,0,0,94,99,53,63,33,13,6,11,0,0,0,5.07,1.4,2015
Brad Hand,MIA,31,38,12,0,0,93.1,107,55,67,32,9,4,7,0,0,2,5.3,1.49,2015
Aaron Sanchez,TOR,29,41,11,0,0,92.1,74,33,61,44,9,7,6,0,1,10,3.22,1.28,2015
Cody Anderson,CLE,31,15,15,1,0,91.1,77,31,44,24,9,7,3,0,0,0,3.05,1.11,2015
Mike Montgomery,SEA,32,16,16,2,2,90,92,46,64,37,11,4,6,0,0,0,4.6,1.43,2015
Mat Latos,MIA,34,16,16,0,0,88.1,85,44,79,25,8,4,7,0,0,0,4.48,1.25,2015
Mike Foltynewicz,ATL,30,18,15,0,0,86.2,112,55,77,29,17,4,6,0,0,1,5.71,1.63,2015
Wandy Rodriguez,TEX,43,17,15,0,0,86.1,99,47,72,36,10,6,4,0,0,0,4.9,1.56,2015
Drew Pomeranz,OAK,33,53,9,0,0,86,71,35,82,31,8,5,6,3,3,12,3.66,1.19,2015
Chris Bassitt,OAK,33,18,13,0,0,86,78,34,64,30,5,1,8,0,0,0,3.56,1.26,2015
Patrick Corbin,ARI,32,16,16,0,0,85,91,34,78,17,9,6,5,0,0,0,3.6,1.27,2015
Roberto Hernandez,HOU,41,20,11,0,0,84.2,90,41,42,26,9,3,5,0,0,0,4.36,1.37,2015
Adam Morgan,PHI,32,15,15,0,0,84.1,88,42,49,17,14,5,7,0,0,0,4.48,1.25,2015
Dellin Betances,NYY,33,74,0,0,0,84,45,14,131,40,6,6,4,9,4,29,1.5,1.01,2015
Cole Hamels,TEX,38,12,12,1,0,83.2,77,34,78,23,10,7,1,0,0,0,3.66,1.2,2015
Shane Greene,DET,33,18,16,0,0,83.2,103,64,50,27,13,4,8,0,0,0,6.88,1.55,2015
Johnny Cueto,KC,36,13,13,1,1,81.1,101,43,56,17,10,4,7,0,0,0,4.76,1.45,2015
Justin De Fratus,PHI,34,61,0,0,0,80,92,49,68,32,9,0,2,0,1,1,5.51,1.55,2015
Brad Brach,BAL,35,62,0,0,0,79.1,57,24,89,38,7,5,3,1,1,14,2.72,1.2,2015
Eddie Butler,COL,30,16,16,1,0,79.1,102,52,44,42,13,3,10,0,0,0,5.9,1.82,2015
Martin Perez,TEX,30,14,14,0,0,78.2,88,39,48,24,3,3,6,0,0,0,4.46,1.42,2015
David Hale,COL,34,17,12,0,0,78.1,95,53,61,20,14,5,5,0,0,0,6.09,1.47,2015
Jeurys Familia,NYM,32,76,0,0,0,78,59,16,86,19,6,2,2,43,5,1,1.85,1,2015
Aaron Nola,PHI,28,13,13,0,0,77.2,74,31,68,19,11,6,2,0,0,0,3.59,1.2,2015
Carlos Frias,LAD,32,17,13,0,0,77.2,88,35,43,26,7,5,5,0,0,0,4.06,1.47,2015
Joe Ross,WAS,28,16,13,0,0,76.2,64,31,69,21,7,5,5,0,0,0,3.64,1.11,2015
Mark Melancon,PIT,36,78,0,0,0,76.2,57,19,62,14,4,3,2,51,2,1,2.23,0.93,2015
Tim Lincecum,SF,37,15,15,0,0,76.1,75,35,60,38,7,7,4,0,0,0,4.13,1.48,2015
Yusmeiro Petit,SF,37,42,1,0,0,76,75,31,59,15,11,1,1,1,0,0,3.67,1.18,2015
Tony Watson,PIT,36,77,0,0,0,75.1,55,16,62,17,3,4,1,1,2,41,1.91,0.96,2015
Andrew Chafin,ARI,31,66,0,0,0,75,56,23,58,30,3,5,1,2,0,16,2.76,1.15,2015
Kevin Siegrist,STL,32,81,0,0,0,74.2,53,18,90,34,4,7,1,6,4,28,2.17,1.17,2015
David Buchanan,PHI,32,15,15,0,0,74.2,109,58,44,29,12,2,9,0,0,0,6.99,1.85,2015
Arquimedes Caminero,PIT,34,73,0,0,0,74.2,63,30,73,29,7,5,1,0,1,15,3.62,1.23,2015
Jeanmar Gomez,PHI,34,65,0,0,0,74.2,82,25,50,17,4,2,3,0,3,7,3.01,1.33,2015
Vidal Nuno,SEA,34,32,10,0,0,74.2,80,34,62,17,14,1,4,0,0,4,4.1,1.3,2015
David Price,TOR,36,11,11,0,0,74.1,57,19,87,18,4,9,1,0,0,0,2.3,1.01,2015
Justin Nicolino,MIA,30,12,12,0,0,74,72,33,23,20,8,5,4,0,0,0,4.01,1.24,2015
Scott Kazmir,HOU,38,13,13,0,0,73.1,78,34,54,24,13,2,6,0,0,0,4.17,1.39,2015
George Kontos,SF,36,73,0,0,0,73.1,57,19,44,12,9,4,4,0,2,14,2.33,0.94,2015
Steven Wright,BOS,37,16,9,0,0,72.2,67,33,52,27,12,5,4,0,0,0,4.09,1.29,2015
Shawn Tolleson,TEX,34,73,0,0,0,72.1,66,24,76,17,9,6,4,35,2,6,2.99,1.15,2015
Randall Delgado,ARI,32,64,1,0,0,72,63,26,73,33,7,8,4,1,2,13,3.25,1.33,2015
Vance Worley,PIT,34,23,8,0,0,71.2,81,32,49,21,6,4,6,0,1,0,4.02,1.42,2015
Sean O'Sullivan,PHI,34,13,13,0,0,71,94,48,35,20,16,1,6,0,0,0,6.08,1.61,2015
Will Harris,HOU,37,68,0,0,0,71,42,15,68,22,8,5,5,2,4,13,1.9,0.9,2015
Alex Wood,LAD,31,12,12,0,0,70.1,66,34,49,23,7,5,6,0,0,0,4.35,1.27,2015
AJ Ramos,MIA,35,71,0,0,0,70.1,45,18,87,26,6,2,4,32,6,4,2.3,1.01,2015
Alex Wilson,DET,35,59,1,0,0,70,61,17,38,11,5,3,3,2,2,7,2.19,1.03,2015
Hector Rondon,CHC,34,72,0,0,0,70,55,13,69,15,4,6,4,30,4,8,1.67,1,2015
Ken Giles,PHI,31,69,0,0,0,70,59,14,87,25,2,6,3,15,5,12,1.8,1.2,2015
Carson Smith,SEA,32,70,0,0,0,70,49,18,92,22,2,2,5,13,5,22,2.31,1.01,2015
Roberto Osuna,TOR,27,68,0,0,0,69.2,48,20,75,16,7,1,6,20,3,7,2.58,0.92,2015
Jarred Cosart,MIA,31,14,13,0,0,69.2,63,35,47,33,10,2,5,0,0,0,4.52,1.38,2015
Kelvin Herrera,KC,32,72,0,0,0,69.2,52,21,64,26,5,4,3,0,7,21,2.71,1.12,2015
Cody Allen,CLE,33,70,0,0,0,69.1,56,23,99,25,2,2,5,34,4,0,2.99,1.17,2015
Zach McAllister,CLE,34,61,1,0,0,69,70,23,84,23,7,4,4,1,1,12,3,1.35,2015
Trevor Rosenthal,STL,31,68,0,0,0,68.2,62,16,83,25,3,2,4,48,3,0,2.1,1.27,2015
Yohan Flande,COL,36,19,10,0,0,68.1,73,36,43,25,14,3,3,0,0,0,4.74,1.43,2015
Christian Bergman,COL,33,30,4,0,0,68.1,82,36,37,15,8,3,1,0,0,0,4.74,1.42,2015
Brad Ziegler,ARI,42,66,0,0,0,68,48,14,36,17,3,0,3,30,2,4,1.85,0.96,2015
Pedro Strop,CHC,36,76,0,0,0,68,39,22,81,29,5,2,6,3,2,28,2.91,1,2015
Jeremy Jeffress,MIL,34,72,0,0,0,68,64,20,67,22,5,5,0,0,5,24,2.65,1.26,2015
Daniel Hudson,ARI,34,64,1,0,0,67.2,64,29,71,25,7,4,3,4,2,20,3.86,1.32,2015
Blake Treinen,WAS,33,60,0,0,0,67.2,62,29,65,32,4,2,5,0,3,10,3.86,1.39,2015
Steve Geltz,TB,34,70,2,0,0,67.1,45,28,61,26,8,2,6,2,3,20,3.74,1.05,2015
Wade Davis,KC,36,69,0,0,0,67.1,33,7,78,20,3,8,1,17,1,18,0.94,0.79,2015
Jared Hughes,PIT,36,76,0,0,0,67,70,17,36,19,3,3,1,0,3,21,2.28,1.33,2015
James Paxton,SEA,33,13,13,0,0,67,67,29,56,29,8,3,4,0,0,0,3.9,1.43,2015
Jose Alvarez,LAA,32,64,0,0,0,67,58,26,59,23,5,4,3,0,1,7,3.49,1.21,2015
Adam Conley,MIA,31,15,11,0,0,67,65,28,59,21,7,4,1,0,0,0,3.76,1.28,2015
Chi Chi Gonzalez,TEX,30,14,10,1,1,67,49,29,30,32,6,4,6,0,0,0,3.9,1.21,2015
Luis Garcia,PHI,35,72,0,0,0,66.2,72,26,63,37,4,4,6,2,2,16,3.51,1.64,2015
Drew Smyly,TB,32,12,12,0,0,66.2,58,23,77,20,11,5,2,0,0,0,3.11,1.17,2015
Aroldis Chapman,CIN,34,65,0,0,0,66.1,43,12,116,33,3,4,4,33,3,0,1.63,1.15,2015
Bud Norris,BAL,37,18,11,0,0,66.1,84,52,50,25,14,2,9,0,1,0,7.06,1.64,2015
Burke Badenhop,CIN,39,68,0,0,0,66.1,71,29,36,20,4,2,4,0,2,7,3.93,1.37,2015
Josh Tomlin,CLE,37,10,10,2,0,65.2,47,22,57,8,13,7,2,0,0,0,3.02,0.84,2015
Matt Andriese,TB,32,25,8,0,0,65.2,69,30,49,18,8,3,5,2,0,0,4.11,1.32,2015
Zack Britton,BAL,34,64,0,0,0,65.2,51,14,79,14,3,4,1,36,4,0,1.92,0.99,2015
Joe Smith,LAA,37,70,0,0,0,65.1,64,26,57,19,4,5,5,5,4,32,3.58,1.27,2015
Alexi Ogando,BOS,38,64,0,0,0,65.1,59,29,53,28,12,3,1,0,4,12,3.99,1.33,2015
Joaquin Benoit,SD,44,67,0,0,0,65.1,36,17,63,23,7,6,5,2,4,28,2.34,0.9,2015
Darren O'Day,BAL,39,68,0,0,0,65.1,47,11,82,14,5,6,2,6,5,18,1.52,0.93,2015
Blaine Boyer,MIN,40,68,0,0,0,65,62,18,33,19,5,3,6,1,2,19,2.49,1.25,2015
Craig Breslow,BOS,41,45,2,0,0,65,69,30,46,23,12,0,4,1,3,1,4.15,1.42,2015
Jose Fernandez,MIA,29,11,11,0,0,64.2,61,21,79,14,4,6,1,0,0,0,2.92,1.16,2015
Liam Hendriks,TOR,33,58,0,0,0,64.2,59,21,71,11,3,5,0,0,2,5,2.92,1.08,2015
J.J. Hoover,CIN,34,67,0,0,0,64.1,44,21,52,31,7,8,2,1,6,18,2.94,1.17,2015
Anthony Bass,TEX,34,33,0,0,0,64,66,32,45,20,5,0,0,0,1,0,4.5,1.34,2015
Bryan Shaw,CLE,34,74,0,0,0,64,59,21,54,19,8,3,3,2,4,23,2.95,1.22,2015
Fernando Salas,LAA,36,72,0,0,0,63.2,61,30,74,12,8,5,2,0,2,17,4.24,1.15,2015
Kyle Lobstein,DET,32,13,11,0,0,63.2,78,42,32,23,7,3,8,0,0,0,5.94,1.59,2015
J.R. Graham,MIN,32,39,1,0,0,63.2,73,35,53,21,10,1,1,0,1,0,4.95,1.48,2015
Seth Maness,STL,33,76,0,0,0,63.1,77,30,46,13,7,4,2,3,3,20,4.26,1.42,2015
Casey Fien,MIN,38,62,0,0,0,63.1,61,25,41,8,6,4,6,0,4,18,3.55,1.09,2015
Will Smith,MIL,32,76,0,0,0,63.1,52,19,91,24,5,7,2,0,4,20,2.7,1.2,2015
J.A. Happ,PIT,39,11,11,0,0,63.1,52,13,69,13,3,7,2,0,0,0,1.85,1.03,2015
David Robertson,CWS,36,60,0,0,0,63.1,46,24,86,13,7,6,5,34,7,0,3.41,0.93,2015
Ryan Madson,KC,41,68,0,0,0,63.1,47,15,58,14,5,1,2,3,2,20,2.13,0.96,2015
Matt Moore,TB,32,12,12,0,0,63,74,38,46,23,9,3,4,0,0,0,5.43,1.54,2015
Bryan Morris,MIA,34,67,0,0,0,63,67,22,47,26,3,5,4,0,2,18,3.14,1.48,2015
Brad Boxberger,TB,33,69,0,0,0,63,54,26,74,32,9,4,10,41,6,2,3.71,1.37,2015
Henry Owens,BOS,29,11,11,0,0,63,62,32,50,24,7,4,4,0,0,0,4.57,1.37,2015
Mike Fiers,HOU,36,10,9,1,1,62.1,45,23,59,21,10,2,1,0,0,0,3.32,1.06,2015
Franklin Morales,KC,36,67,0,0,0,62.1,58,22,41,14,4,4,2,0,1,8,3.18,1.16,2015
Huston Street,LAA,38,62,0,0,0,62.1,52,22,57,20,7,3,3,40,5,0,3.18,1.16,2015
Luis Severino,NYY,28,11,11,0,0,62.1,53,20,56,22,9,5,3,0,0,0,2.89,1.2,2015
Tom Wilhelmsen,SEA,38,53,0,0,0,62,56,22,60,29,3,2,2,13,2,7,3.19,1.37,2015
Al Alburquerque,DET,35,67,0,0,0,62,63,29,58,33,4,4,1,0,1,7,4.21,1.55,2015
Andrew Miller,NYY,36,60,0,0,0,61.2,33,14,100,20,5,3,2,36,2,0,2.04,0.86,2015
Jose Urena,MIA,30,20,9,0,0,61.2,73,36,28,25,5,1,5,0,1,0,5.25,1.59,2015
Blaine Hardy,DET,34,70,0,0,0,61.1,61,21,55,22,2,5,3,0,3,13,3.08,1.35,2015
Carlos Villanueva,STL,38,35,0,0,0,61,50,20,55,21,6,4,3,2,0,0,2.95,1.16,2015
Justin Wilson,NYY,34,74,0,0,0,61,49,21,66,20,3,5,0,0,2,29,3.1,1.13,2015
Luke Gregerson,HOU,37,64,0,0,0,61,48,21,59,10,5,7,3,31,5,0,3.1,0.95,2015
Robbie Ross,BOS,32,54,0,0,0,60.2,59,26,53,20,7,0,2,6,2,12,3.86,1.3,2015
Zach Duke,CWS,38,71,0,0,0,60.2,47,23,66,32,9,3,6,1,2,26,3.41,1.3,2015
Matt Cain,SF,37,13,11,0,0,60.2,71,39,41,20,12,2,4,0,0,0,5.79,1.5,2015
Jumbo Diaz,CIN,38,61,0,0,0,60.1,58,28,70,18,9,2,1,1,4,7,4.18,1.26,2015
Keone Kela,TEX,28,68,0,0,0,60.1,52,16,68,18,4,7,5,1,3,22,2.39,1.16,2015
Tyler Lyons,STL,34,17,8,0,0,60,59,25,60,15,12,3,1,0,0,0,3.75,1.23,2015
Evan Scribner,OAK,36,54,0,0,0,60,58,29,64,4,14,2,2,0,4,8,4.35,1.03,2015
Craig Kimbrel,SD,33,61,0,0,0,59.1,40,17,87,22,6,4,2,39,4,0,2.58,1.04,2015
Justin Masterson,BOS,36,18,9,0,0,59.1,68,37,49,27,7,4,2,0,0,2,5.61,1.6,2015
Brandon Gomes,TB,37,63,0,0,0,59,55,28,44,15,10,2,6,1,2,16,4.27,1.19,2015
Junichi Tazawa,BOS,35,61,0,0,0,58.2,65,27,56,13,5,2,7,3,7,16,4.14,1.33,2015
Derek Holland,TEX,35,10,10,1,1,58.2,59,32,41,17,11,4,3,0,0,0,4.91,1.3,2015
Fernando Rodriguez,OAK,37,56,0,0,0,58.2,43,25,65,24,4,4,2,0,2,6,3.84,1.14,2015
Juan Nicasio,LAD,35,53,1,0,0,58.1,59,25,65,32,1,1,3,1,2,14,3.86,1.56,2015
Christian Friedrich,COL,34,68,0,0,0,58.1,75,34,45,25,5,0,4,0,0,9,5.25,1.71,2015
Kris Medlen,KC,36,15,8,0,0,58.1,56,26,40,18,6,6,2,0,0,0,4.01,1.27,2015
Dan Haren,CHC,41,11,11,0,0,58.1,58,26,44,13,10,4,2,0,0,0,4.01,1.22,2015
Kevin Quackenbush,SD,33,57,0,0,0,58.1,52,26,58,20,6,3,2,0,1,2,4.01,1.23,2015
Chasen Shreve,NYY,31,59,0,0,0,58.1,49,20,64,33,10,6,2,0,1,10,3.09,1.41,2015
Scott Oberg,COL,31,64,0,0,0,58.1,58,33,44,31,10,3,4,1,2,15,5.09,1.53,2015
Tyler Duffey,MIN,31,10,10,0,0,58,56,20,53,20,4,5,1,0,0,0,3.1,1.31,2015
Santiago Casilla,SF,41,67,0,0,0,58,51,18,62,23,6,4,2,38,6,0,2.79,1.28,2015
Carlos Torres,NYM,39,59,0,0,0,57.2,61,30,48,18,5,5,6,0,1,11,4.68,1.37,2015
Sean Gilmartin,NYM,31,50,1,0,0,57.1,50,17,54,18,2,3,2,0,1,2,2.67,1.19,2015
Antonio Bastardo,PIT,36,66,0,0,0,57.1,39,19,64,26,4,4,1,1,1,9,2.98,1.13,2015
Sergio Romo,SF,38,70,0,0,0,57.1,51,19,71,10,3,0,5,2,2,34,2.98,1.06,2015
Glen Perkins,MIN,39,60,0,0,0,57,58,21,54,10,9,3,5,32,3,3,3.32,1.19,2015
Francisco Rodriguez,MIL,40,60,0,0,0,57,38,14,62,11,6,1,3,38,2,0,2.21,0.86,2015
Yimi Garcia,LAD,31,59,1,0,0,56.2,44,21,68,10,8,3,5,1,5,11,3.34,0.95,2015
Kyle Ryan,DET,30,16,6,0,0,56.1,60,28,30,20,9,2,4,0,0,0,4.47,1.42,2015
Dan Jennings,CWS,34,53,0,0,0,56.1,55,25,46,24,3,2,3,0,0,4,3.99,1.4,2015
Vince Velasquez,HOU,29,19,7,0,0,55.2,50,27,58,21,5,1,1,0,0,0,4.37,1.28,2015
John Axford,COL,38,60,0,0,0,55.2,56,26,62,32,4,4,5,25,6,2,4.2,1.58,2015
Michael Blazek,MIL,32,45,0,0,0,55.2,40,15,47,18,3,5,3,0,0,4,2.43,1.04,2015
Mike Leake,SF,34,9,9,1,1,55.1,51,25,29,15,8,2,5,0,0,0,4.07,1.19,2015
Drew Storen,WAS,34,58,0,0,0,55,45,21,67,16,4,2,2,29,5,5,3.44,1.11,2015
Ryan Mattheus,CIN,38,57,0,0,0,55,67,25,35,17,3,2,4,0,1,8,4.09,1.53,2015
Pat Neshek,HOU,41,66,0,0,0,54.2,49,22,51,12,8,3,6,1,3,28,3.62,1.12,2015
Tony Sipp,HOU,38,60,0,0,0,54.1,41,12,62,15,5,3,4,0,3,13,1.99,1.03,2015
Brett Cecil,TOR,35,63,0,0,0,54.1,39,15,70,13,4,5,5,5,3,9,2.48,0.96,2015
Mike Dunn,MIA,36,72,0,0,0,54,46,27,65,29,6,2,5,0,3,23,4.5,1.39,2015
Hansel Robles,NYM,31,57,0,0,0,54,37,22,61,18,8,4,3,0,4,12,3.67,1.02,2015
Felix Doubront,OAK,34,11,8,0,0,52.2,55,34,43,21,9,2,2,1,0,0,5.81,1.44,2015
Keyvius Sampson,CIN,31,13,12,0,0,52.1,67,38,42,26,7,2,6,0,0,0,6.54,1.78,2015
Kenley Jansen,LAD,34,54,0,0,0,52.1,33,14,80,8,6,2,1,36,2,1,2.41,0.78,2015
Cesar Ramos,LAA,37,65,0,0,0,52.1,55,16,43,15,2,2,1,0,2,5,2.75,1.34,2015
Jake Petricka,CWS,33,62,0,0,0,52,56,21,33,18,2,4,3,2,1,12,3.63,1.42,2015
Hunter Strickland,SF,33,55,0,0,0,51.1,34,14,50,10,4,3,3,0,2,20,2.45,0.86,2015
Shawn Kelley,SD,37,53,0,0,0,51.1,41,14,63,15,4,2,2,0,0,7,2.45,1.09,2015
Pedro Baez,LAD,33,52,0,0,0,51,47,19,60,11,4,4,2,0,3,11,3.35,1.14,2015
Danny Farquhar,SEA,35,43,0,0,0,51,53,29,48,17,9,1,8,1,2,8,5.12,1.37,2015
Brandon Maurer,SD,31,53,0,0,0,51,39,17,39,15,3,7,4,0,1,12,3,1.06,2015
Aaron Brooks,OAK,31,11,9,0,0,51,67,38,35,14,9,3,4,0,0,0,6.71,1.59,2015
Jerad Eickhoff,PHI,31,8,8,0,0,51,40,15,49,13,5,3,3,0,0,0,2.65,1.04,2015
Matthew Boyd,DET,31,11,10,0,0,50.2,56,37,36,19,12,1,4,0,0,0,6.57,1.48,2015
Luke Hochevar,KC,38,49,0,0,0,50.2,49,21,49,16,7,1,1,1,1,6,3.73,1.28,2015
Ryan Webb,CLE,36,40,0,0,0,50.2,46,18,31,12,4,1,0,0,0,0,3.2,1.14,2015
Josh Fields,HOU,36,54,0,0,0,50.2,39,20,67,19,2,4,1,0,2,5,3.55,1.14,2015
Fernando Rodney,SEA,44,54,0,0,0,50.2,51,32,43,25,8,5,5,16,6,7,5.68,1.5,2015
Corey Knebel,MIL,30,48,0,0,0,50.1,44,18,58,17,8,0,0,0,1,3,3.22,1.21,2015
Pedro Villarreal,CIN,34,29,0,0,0,50,57,19,29,12,6,1,3,0,0,0,3.42,1.38,2015
Justin Grimm,CHC,32,62,0,0,0,49.2,31,11,67,26,4,3,5,3,3,15,1.99,1.15,2015
John Lamb,CIN,31,10,10,0,0,49.2,58,32,58,19,8,1,5,0,0,0,5.8,1.55,2015
Neal Cotts,MIL,41,51,0,0,0,49.2,44,18,49,17,9,1,0,0,0,4,3.26,1.23,2015
Chad Qualls,HOU,43,60,0,0,0,49.1,46,24,46,9,6,3,5,4,2,10,4.38,1.11,2015
Brian Matusz,BAL,35,58,0,0,0,49,38,16,56,20,5,1,4,0,2,2,2.94,1.18,2015
Jordan Lyles,COL,31,10,10,0,0,49,54,28,30,19,2,2,5,0,0,0,5.14,1.49,2015
Zach Putnam,CWS,34,49,0,0,0,48.2,42,22,64,24,7,3,3,0,3,6,4.07,1.36,2015
Brian Duensing,MIN,39,55,0,0,0,48.2,46,23,24,21,5,4,1,1,1,6,4.25,1.38,2015
Jason Motte,CHC,39,57,0,0,0,48.1,48,21,34,11,4,8,1,6,1,9,3.91,1.22,2015
Felipe Vazquez,WAS,30,49,0,0,0,48.1,35,15,43,11,2,2,1,2,1,6,2.79,0.95,2015
Jim Johnson,ATL,38,49,0,0,0,48,45,12,33,14,2,2,3,9,4,20,2.25,1.23,2015
Eric Stults,ATL,42,9,8,0,0,47.2,48,31,31,13,10,1,5,0,0,0,5.85,1.28,2015
Fernando Abad,OAK,36,62,0,0,0,47.2,45,22,45,19,11,2,2,0,3,1,4.15,1.34,2015
Tom Layne,BOS,37,64,0,0,0,47.2,41,21,45,27,3,2,1,1,1,9,3.97,1.43,2015
Trevor Gott,LAA,29,48,0,0,0,47.2,43,16,27,16,2,4,2,0,4,14,3.02,1.24,2015
Jason Marquis,CIN,43,9,9,0,0,47.1,64,34,37,14,10,3,4,0,0,0,6.46,1.65,2015
Joe Beimel,SEA,44,53,0,0,0,47.1,49,21,22,16,8,2,1,1,2,6,3.99,1.37,2015
Dan Otero,OAK,37,41,0,0,0,46.2,64,35,28,6,7,2,4,0,1,2,6.75,1.5,2015
Mike Wright,BAL,32,12,9,0,0,44.2,52,30,26,18,9,3,5,0,0,0,6.04,1.57,2015
Greg Holland,KC,36,48,0,0,0,44.2,39,19,49,26,2,3,2,32,5,0,3.83,1.46,2015
Tommy Hunter,BAL,35,39,0,0,0,44.2,41,18,32,11,3,2,2,0,1,6,3.63,1.16,2015
J.P. Howell,LAD,38,65,0,0,0,44,47,7,39,14,3,6,1,1,3,9,1.43,1.39,2015
Sam Dyson,MIA,33,44,0,0,0,44,41,18,41,17,3,3,3,0,2,9,3.68,1.32,2015
Matt Barnes,BOS,31,32,2,0,0,43,56,26,39,15,9,3,4,0,0,3,5.44,1.65,2015
Jason Vargas,KC,39,9,9,0,0,43,46,19,27,12,5,5,2,0,0,0,3.98,1.35,2015
Xavier Cedeno,TB,35,61,0,0,0,43,37,10,43,12,3,4,1,1,0,20,2.09,1.14,2015
Ross Detwiler,TEX,35,17,7,0,0,43,62,34,28,20,9,0,5,0,1,1,7.12,1.91,2015
Bo Schultz,TOR,36,31,0,0,0,43,32,17,31,14,7,0,1,1,2,4,3.56,1.07,2015
Tyler Cravy,MIL,32,14,7,0,0,42.2,47,27,35,22,5,0,8,0,1,0,5.7,1.62,2015
Aaron Loup,TOR,34,60,0,0,0,42.1,47,21,46,7,6,2,5,0,4,9,4.46,1.28,2015
Clayton Richard,CHC,38,23,3,0,0,42.1,47,18,22,7,3,4,2,0,0,2,3.83,1.28,2015
Joe Blanton,KC,41,15,4,0,0,41.2,43,18,40,7,6,2,2,2,0,0,3.89,1.2,2015
Kevin Jepsen,TB,37,46,0,0,0,41.2,34,13,34,20,4,2,5,5,4,22,2.81,1.3,2015
Matt Thornton,WAS,45,60,0,0,0,41.1,33,10,23,11,2,2,1,0,1,18,2.18,1.06,2015
Chaz Roe,BAL,35,36,0,0,0,41.1,44,19,38,17,4,4,2,0,1,4,4.14,1.48,2015
Joakim Soria,DET,37,43,0,0,0,41,32,13,36,11,8,3,1,23,3,0,2.85,1.05,2015
Chris Capuano,NYY,43,22,4,0,0,40.2,52,36,38,22,6,0,4,0,0,1,7.97,1.82,2015
Addison Reed,ARI,33,38,0,0,0,40.2,47,19,34,14,2,2,2,3,2,8,4.2,1.5,2015
Jon Gray,COL,30,9,9,0,0,40.2,52,25,40,14,4,0,2,0,0,0,5.53,1.62,2015
Buck Farmer,DET,31,14,5,0,0,40.1,53,33,24,17,10,0,4,0,0,0,7.36,1.74,2015
Hector Neris,PHI,32,32,0,0,0,40.1,38,17,41,10,8,2,2,0,0,2,3.79,1.19,2015
T.J. McFarland,BAL,32,30,0,0,0,40.1,52,22,26,18,4,2,2,0,0,3,4.91,1.74,2015
Koji Uehara,BOS,46,43,0,0,0,40.1,28,10,47,9,3,2,4,25,2,0,2.23,0.92,2015
Casey Janssen,WAS,40,48,0,0,0,40,38,22,27,8,5,2,5,0,3,13,4.95,1.15,2015
Jonathan Papelbon,PHI,41,37,0,0,0,39.2,31,7,40,8,3,2,1,17,0,0,1.59,0.98,2015
Dillon Gee,NYM,35,8,7,0,0,39.2,55,26,25,11,5,0,3,0,0,0,5.9,1.66,2015
Tom Gorzelanny,DET,39,48,0,0,0,39.1,45,26,36,23,4,2,2,0,0,2,5.95,1.73,2015
Rafael Betancourt,COL,46,45,0,0,0,39.1,43,27,40,12,4,2,4,1,3,8,6.18,1.4,2015
Javier Lopez,SF,44,77,0,0,0,39.1,19,7,26,16,1,1,0,0,0,20,1.6,0.89,2015
Jeff Manship,CLE,37,32,0,0,0,39.1,20,4,33,10,1,1,0,0,0,3,0.92,0.76,2015
Chris Hatcher,LAD,37,49,0,0,0,39,35,16,45,13,4,3,5,4,2,13,3.69,1.23,2015
Logan Verrett,NYM,31,14,4,0,0,38.2,23,13,36,11,5,1,1,1,1,0,3.03,0.88,2015
Tyler Clippard,OAK,37,37,0,0,0,38.2,25,12,38,21,3,1,3,17,4,0,2.79,1.19,2015
Tanner Scheppers,TEX,35,42,0,0,0,38.1,37,24,32,23,6,4,1,0,3,12,5.63,1.57,2015
Brett Oberholtzer,HOU,32,8,8,0,0,38.1,44,19,27,17,4,2,2,0,0,0,4.46,1.59,2015
Sam Freeman,TEX,34,54,0,0,0,38.1,31,13,40,25,4,0,0,0,0,12,3.05,1.46,2015
Frank Garces,SD,32,40,1,0,0,38,41,22,30,22,9,0,1,0,0,0,5.21,1.66,2015
Nick Tropeano,LAA,31,8,7,0,0,37.2,40,16,38,10,2,3,2,0,0,0,3.82,1.33,2015
Luis Avilan,ATL,32,50,0,0,0,37.2,35,15,31,10,4,2,4,0,3,11,3.58,1.19,2015
Dale Thayer,SD,41,38,0,0,0,37.2,37,17,25,15,5,2,2,0,1,6,4.06,1.38,2015
Jake McGee,TB,35,39,0,0,0,37.1,27,10,48,8,3,1,2,6,4,19,2.41,0.94,2015
Ricky Nolasco,MIN,39,9,8,0,0,37.1,50,28,35,14,3,5,2,0,0,0,6.75,1.71,2015
Matt Albers,CWS,39,30,0,0,0,37.1,31,5,28,9,3,2,0,0,0,6,1.21,1.07,2015
Chad Billingsley,PHI,37,7,7,0,0,37,53,24,15,8,5,2,3,0,0,0,5.84,1.65,2015
Jonathan Broxton,MIL,37,40,0,0,0,36.2,41,24,37,10,5,1,2,0,1,11,5.89,1.39,2015
Scott Carroll,CWS,37,18,0,0,0,36.2,40,14,27,13,2,1,1,0,0,0,3.44,1.45,2015
Jake Diekman,PHI,35,41,0,0,0,36.2,40,21,49,24,3,2,1,0,2,6,5.15,1.75,2015
Daniel Norris,DET,28,8,8,0,0,36.2,30,15,27,7,6,2,1,0,0,0,3.68,1.01,2015
Zack Godley,ARI,31,9,6,0,0,36.2,29,13,34,17,4,5,1,0,0,0,3.19,1.25,2015
Tyler Wilson,BAL,32,9,5,0,0,36,39,14,13,11,1,2,2,0,0,0,3.5,1.39,2015
Mark Lowe,SEA,38,34,0,0,0,36,31,4,47,11,1,0,1,0,2,12,1,1.17,2015
Archie Bradley,ARI,29,8,8,0,0,35.2,36,23,23,22,3,2,3,0,0,0,5.8,1.63,2015
Steven Matz,NYM,30,6,6,0,0,35.2,34,9,34,10,4,4,0,0,0,0,2.27,1.23,2015
Jeremy Affeldt,SF,42,52,0,0,0,35.1,43,23,21,14,6,2,2,0,0,9,5.86,1.61,2015
Boone Logan,COL,37,60,0,0,0,35.1,40,17,44,17,3,0,3,0,4,23,4.33,1.61,2015
Mike Morin,LAA,30,47,0,0,0,35.1,36,25,41,9,3,4,2,1,0,5,6.37,1.27,2015
Brandon Cunniff,ATL,33,39,0,0,0,35,27,18,37,22,4,2,2,0,2,5,4.63,1.4,2015
Jean Machi,SF,40,33,0,0,0,35,38,20,22,14,3,1,0,0,0,2,5.14,1.49,2015
Shaun Marcum,CLE,40,7,6,0,0,35,32,21,30,11,9,3,2,0,0,0,5.4,1.23,2015
Erik Johnson,CWS,32,6,6,0,0,35,32,13,30,17,8,3,1,0,0,0,3.34,1.4,2015
Elvis Araujo,PHI,30,40,0,0,0,34.2,29,13,34,19,1,2,1,0,0,2,3.38,1.38,2015
Randy Wolf,DET,45,8,7,0,0,34.2,46,24,28,15,5,0,5,0,0,1,6.23,1.76,2015
Joe Blanton,PIT,41,21,0,0,0,34.1,26,6,39,9,1,5,0,0,0,0,1.57,1.02,2015
Tyler Thornburg,MIL,33,24,0,0,0,34.1,31,14,34,12,7,0,2,0,0,1,3.67,1.25,2015
Alex Torres,NYM,34,39,0,0,0,34.1,26,12,35,26,6,0,0,1,1,7,3.15,1.51,2015
James Russell,CHC,36,49,0,0,0,34,42,20,20,9,3,0,2,1,2,8,5.29,1.5,2015
Zach Davies,MIL,29,6,6,0,0,34,26,14,24,15,2,3,2,0,0,0,3.71,1.21,2015
Arodys Vizcaino,ATL,31,36,0,0,0,33.2,27,6,37,13,1,3,1,9,1,3,1.6,1.19,2015
Jason Grilli,ATL,45,36,0,0,0,33.2,28,11,45,10,2,3,4,24,2,0,2.94,1.13,2015
Matt Belisle,STL,41,34,0,0,0,33.2,34,10,25,15,1,1,1,0,1,8,2.67,1.46,2015
David Hernandez,ARI,36,40,0,0,0,33.2,33,16,33,11,6,1,5,0,0,7,4.28,1.31,2015
Edward Mujica,OAK,37,38,0,0,0,33.2,37,18,22,4,7,2,4,1,3,4,4.81,1.22,2015
Austin Adams,CLE,35,28,0,0,0,33.1,37,14,23,13,2,2,0,1,0,0,3.78,1.5,2015
Tommy Kahnle,COL,32,36,0,0,0,33.1,31,18,39,28,3,0,1,2,1,10,4.86,1.77,2015
Cam Bedrosian,LAA,30,34,0,0,0,33.1,40,20,34,19,3,1,0,0,0,1,5.4,1.77,2015
Justin Miller,COL,34,34,0,0,0,33.1,21,15,38,11,2,3,3,1,1,7,4.05,0.96,2015
Tony Cingrani,CIN,32,35,1,0,0,33.1,31,21,39,25,3,0,3,0,2,9,5.67,1.68,2015
Erik Goeddel,NYM,33,35,0,0,0,33.1,24,9,34,9,1,1,1,0,0,2,2.43,0.99,2015
Ryan Tepera,TOR,34,32,0,0,0,33,23,12,22,6,8,0,2,1,0,0,3.27,0.88,2015
Esmil Rogers,NYY,36,18,0,0,0,33,41,23,31,14,5,1,1,0,0,1,6.27,1.67,2015
Brandon Morrow,SD,37,5,5,0,0,33,29,10,23,7,3,2,0,0,0,0,2.73,1.09,2015
Brooks Brown,COL,36,36,0,0,0,33,32,18,20,16,2,1,3,0,3,10,4.91,1.45,2015
Hector Noesi,CWS,35,10,5,0,0,32.2,41,25,22,17,7,0,4,0,0,0,6.89,1.78,2015
Josh A. Smith,CIN,34,9,7,0,0,32.2,42,25,30,21,5,0,4,0,0,0,6.89,1.93,2015
Gonzalez Germen,COL,34,29,1,0,0,32.2,33,14,25,21,4,0,0,1,2,2,3.86,1.65,2015
Aaron Thompson,MIN,35,41,0,0,0,32.1,32,18,17,11,2,1,3,0,1,9,5.01,1.33,2015
Manny Parra,CIN,39,40,0,0,0,32.1,32,14,23,6,2,1,2,0,1,6,3.9,1.18,2015
Tyler Clippard,NYM,37,32,0,0,0,32.1,24,11,26,10,5,4,1,2,2,8,3.06,1.05,2015
Tsuyoshi Wada,CHC,41,8,7,0,0,32.1,30,13,31,11,5,1,1,0,0,0,3.62,1.27,2015
Steve Cishek,MIA,35,32,0,0,0,32,37,16,28,14,2,2,6,3,4,3,4.5,1.59,2015
Colin Rea,SD,31,6,6,0,0,31.2,29,15,26,11,2,2,2,0,0,0,4.26,1.26,2015
Tim Cooney,STL,31,6,6,0,0,31.1,28,11,29,10,3,1,0,0,0,0,3.16,1.21,2015
Sam Dyson,TEX,33,31,0,0,0,31.1,24,4,30,4,1,2,1,2,0,12,1.15,0.89,2015
Allen Webster,ARI,32,9,5,0,0,31,32,20,17,20,10,1,1,0,0,0,5.81,1.68,2015
Bruce Rondon,DET,31,35,0,0,0,31,31,20,36,19,3,1,0,5,4,3,5.81,1.61,2015
Carter Capps,MIA,31,30,0,0,0,31,18,4,58,7,2,1,0,0,2,11,1.16,0.81,2015
Edwin Jackson,CHC,38,23,0,0,0,31,30,11,23,12,0,2,1,0,1,0,3.19,1.35,2015
David Aardsma,ATL,40,33,0,0,0,30.2,25,16,35,14,6,1,1,0,3,6,4.7,1.27,2015
Rob Scahill,PIT,35,28,0,0,0,30.2,33,9,24,16,3,2,4,0,0,1,2.64,1.6,2015
Severino Gonzalez,PHI,29,7,7,0,0,30.2,44,27,28,7,5,3,3,0,0,0,7.92,1.66,2015
Chris Narveson,MIA,40,15,2,0,0,30.1,24,15,32,9,7,3,1,0,0,0,4.45,1.09,2015
Mychal Givens,BAL,31,22,0,0,0,30,20,6,38,6,1,2,0,0,0,4,1.8,0.87,2015
Daniel Webb,CWS,32,27,0,0,0,30,41,21,22,22,3,1,0,0,1,0,6.3,2.1,2015
Enny Romero,TB,31,23,0,0,0,30,39,17,31,13,1,0,2,0,2,3,5.1,1.73,2015
Miguel Socolovich,STL,35,28,0,0,0,29.2,25,6,27,10,1,4,1,0,0,1,1.82,1.18,2015
Bryan Mitchell,NYY,30,20,2,0,0,29.2,37,21,29,16,4,0,2,1,0,1,6.37,1.79,2015
Adam Liberatore,LAD,34,39,0,0,0,29.2,26,14,29,9,3,2,2,0,1,10,4.25,1.18,2015
Jason Garcia,BAL,29,21,0,0,0,29.2,25,14,22,17,3,1,0,0,0,0,4.25,1.42,2015
Steve Delabar,TOR,38,31,0,0,0,29.1,28,17,30,14,5,2,0,1,3,5,5.22,1.43,2015
Aaron Barrett,WAS,34,40,0,0,0,29.1,28,15,35,7,1,3,3,0,3,10,4.6,1.19,2015
Sean Nolin,OAK,32,6,6,0,0,29,35,17,15,12,4,1,2,0,0,0,5.28,1.62,2015
Oliver Perez,ARI,40,48,0,0,0,29,25,10,37,11,2,2,1,0,3,7,3.1,1.24,2015
Rich Hill,BOS,41,4,4,1,1,29,14,5,36,5,2,2,1,0,0,0,1.55,0.66,2015
Joel Peralta,LAD,45,33,0,0,0,29,28,14,24,8,6,3,1,3,0,3,4.34,1.24,2015
Alec Asher,PHI,30,7,7,0,0,29,42,30,16,10,8,0,6,0,0,0,9.31,1.79,2015
Josh Osich,SF,33,35,0,0,0,28.2,24,7,27,8,4,2,0,0,2,11,2.2,1.12,2015
Pat Venditte,OAK,36,26,0,0,0,28.2,22,14,23,12,3,2,2,0,0,2,4.4,1.19,2015
David Holmberg,CIN,30,6,6,0,0,28.1,36,24,15,16,10,1,4,0,0,0,7.62,1.84,2015
Neftali Feliz,DET,33,30,0,0,0,28.1,33,24,23,9,3,2,2,4,4,2,7.62,1.48,2015
Ryan Weber,ATL,31,5,5,0,0,28.1,25,15,19,6,3,0,3,0,0,0,4.76,1.09,2015
Carlos Contreras,CIN,31,22,0,0,0,28,22,15,19,20,3,0,0,0,0,0,4.82,1.5,2015
Adam Wainwright,STL,40,7,4,0,0,28,25,5,20,4,0,2,1,0,0,0,1.61,1.04,2015
Kevin Jepsen,MIN,37,29,0,0,0,28,18,5,25,7,1,1,1,10,1,2,1.61,0.89,2015
Ian Krol,DET,30,33,0,0,0,28,31,18,26,17,4,2,3,0,1,1,5.79,1.71,2015
Ryan Pressly,MIN,33,27,0,0,0,27.2,27,9,22,12,0,3,2,0,0,4,2.93,1.41,2015
Branden Pinder,NYY,33,25,0,0,0,27.2,28,9,25,14,4,0,2,0,0,0,2.93,1.52,2015
Andrew McKirahan,ATL,32,27,0,0,0,27.1,40,18,22,10,2,1,0,0,1,4,5.93,1.83,2015
Ariel Pena,MIL,32,6,5,0,0,27.1,24,13,27,14,2,2,1,0,0,0,4.28,1.39,2015
Randy Choate,STL,46,71,0,0,0,27.1,29,12,22,5,2,1,0,1,0,8,3.95,1.24,2015
Nick Hagadone,CLE,36,36,0,0,0,27.1,30,13,28,12,3,0,1,0,0,5,4.28,1.54,2015
Marcos Mateo,SD,37,26,0,0,0,27,22,12,33,9,5,1,1,0,1,1,4,1.15,2015
Enrique Burgos,ARI,31,30,0,0,0,27,27,14,39,15,2,2,2,2,2,2,4.67,1.56,2015
Mitch Harris,STL,36,26,0,0,0,27,30,11,15,13,4,2,1,0,0,0,3.67,1.59,2015
Marcus Stroman,TOR,30,4,4,0,0,27,20,5,18,6,2,4,0,0,0,0,1.67,0.96,2015
Arnold Leon,OAK,33,19,0,0,0,26.2,30,13,19,9,3,0,2,0,0,0,4.39,1.46,2015
Zac Rosscup,CHC,33,33,0,0,0,26.2,26,13,29,13,5,2,1,0,2,6,4.39,1.46,2015
Mayckol Guaipe,SEA,31,21,0,0,0,26.2,34,16,22,13,5,0,3,0,3,2,5.4,1.76,2015
Joakim Soria,PIT,37,29,0,0,0,26.2,23,6,28,8,0,0,0,1,3,11,2.03,1.16,2015
Jhoulys Chacin,ARI,34,5,4,0,0,26.2,24,10,21,10,4,2,1,0,0,0,3.38,1.27,2015
Manny Banuelos,ATL,30,7,6,0,0,26.1,30,15,19,12,4,1,4,0,0,0,5.13,1.59,2015
Trevor Cahill,ATL,34,15,3,0,0,26.1,36,22,14,11,2,0,3,0,0,0,7.52,1.78,2015
Drew VerHagen,DET,31,20,0,0,0,26.1,18,6,13,14,1,2,0,0,1,3,2.05,1.22,2015
Sugar Ray Marimon,ATL,33,16,0,0,0,25.2,30,21,14,14,3,0,1,0,0,0,7.36,1.71,2015
Heath Hembree,BOS,33,22,0,0,0,25.1,25,10,15,9,5,2,0,0,0,1,3.55,1.34,2015
Brian Ellington,MIA,31,23,0,0,0,25,17,8,18,13,1,2,1,0,0,2,2.88,1.2,2015
David Rollins,SEA,32,20,0,0,0,25,37,21,21,8,3,0,2,0,0,1,7.56,1.8,2015
David Goforth,MIL,33,20,0,0,0,24.2,32,11,24,8,4,1,0,0,0,0,4.01,1.62,2015
Edwin Jackson,ATL,38,24,0,0,0,24.2,14,8,17,9,4,2,2,1,0,5,2.92,0.93,2015
Mat Latos,LAD,34,6,5,0,0,24.1,31,18,18,6,3,0,3,0,0,0,6.66,1.52,2015
Brandon Finnegan,KC,28,14,0,0,0,24.1,16,8,21,13,3,3,0,0,1,0,2.96,1.19,2015
Kyle Barraclough,MIA,31,25,0,0,0,24.1,12,7,30,18,1,2,1,0,1,6,2.59,1.23,2015
Spencer Patton,TEX,34,27,0,0,0,24,24,24,28,12,5,1,1,0,0,3,9,1.5,2015
Bobby Parnell,NYM,37,30,0,0,0,24,30,17,13,17,0,2,4,1,2,5,6.38,1.96,2015
Jonathan Papelbon,WAS,41,22,0,0,0,23.2,22,8,16,4,4,2,2,7,2,0,3.04,1.1,2015
Jonathan Broxton,STL,37,26,0,0,0,23.2,20,7,26,12,2,3,3,0,2,6,2.66,1.35,2015
Brandon Finnegan,CIN,28,6,4,0,0,23.2,21,11,24,8,5,2,2,0,0,0,4.18,1.23,2015
Michael Tonkin,MIN,32,26,0,0,0,23.1,21,9,19,9,4,0,0,0,0,5,3.47,1.29,2015
Andrew Bellatti,TB,30,17,0,0,0,23.1,16,6,18,10,4,3,1,0,0,2,2.31,1.11,2015
Matt Marksberry,ATL,31,31,0,0,0,23.1,22,13,21,16,2,0,3,0,3,5,5.01,1.63,2015
Jason Frasor,KC,44,26,0,0,0,23.1,24,4,18,15,1,1,0,0,1,2,1.54,1.67,2015
Kevin Correia,PHI,41,5,5,0,0,23.1,37,17,14,8,4,0,3,0,0,0,6.56,1.93,2015
Dustin McGowan,PHI,39,14,1,0,0,23.1,29,18,21,20,7,1,2,0,0,0,6.94,2.1,2015
Ernesto Frieri,TB,36,22,0,0,0,23.1,20,12,19,11,6,1,0,2,1,0,4.63,1.33,2015
Radhames Liz,PIT,38,14,0,0,0,23.1,26,11,27,12,4,1,4,0,1,0,4.24,1.63,2015
Steve Cishek,STL,35,27,0,0,0,23.1,18,6,20,13,2,0,0,1,1,3,2.31,1.33,2015
Daniel Norris,TOR,28,5,5,0,0,23.1,23,10,18,12,3,1,1,0,0,0,3.86,1.5,2015
Nick Vincent,SD,35,26,0,0,0,23,25,6,22,10,0,0,1,0,2,0,2.35,1.52,2015
Jean Machi,BOS,40,26,0,0,0,23,21,13,20,8,5,1,0,4,0,2,5.09,1.26,2015
Brandon McCarthy,LAD,38,4,4,0,0,23,24,15,29,4,9,3,0,0,0,0,5.87,1.22,2015
Dalier Hinojosa,PHI,36,18,0,0,0,23,15,2,21,8,1,2,0,0,1,3,0.78,1,2015
Joe Thatcher,HOU,40,43,0,0,0,22.2,23,8,26,12,1,1,3,0,0,6,3.18,1.54,2015
Felix Doubront,TOR,34,5,4,0,0,22.2,32,12,13,5,1,1,1,0,0,0,4.76,1.63,2015
Henderson Alvarez,MIA,31,4,4,0,0,22.1,28,16,9,7,1,0,4,0,0,0,6.45,1.57,2015
LaTroy Hawkins,COL,49,24,0,0,0,22.1,22,9,20,4,3,2,1,2,2,3,3.63,1.16,2015
Jeff Francis,TOR,41,14,0,0,0,22,27,15,21,9,3,1,2,0,0,0,6.14,1.64,2015
Joba Chamberlain,DET,36,30,0,0,0,22,32,10,15,5,5,0,2,0,2,8,4.09,1.68,2015
Tyler Matzek,COL,31,5,5,0,0,22,21,10,15,19,2,2,1,0,0,0,4.09,1.82,2015
Ryan O'Rourke,MIN,33,28,0,0,0,22,16,15,24,15,3,0,0,0,0,0,6.14,1.41,2015
Angel Nesbitt,DET,31,24,0,0,0,21.2,22,13,14,8,2,1,1,0,2,2,5.4,1.38,2015
Jake Diekman,TEX,35,26,0,0,0,21.2,13,5,20,7,2,0,0,0,1,10,2.08,0.92,2015
Cody Martin,ATL,32,21,0,0,0,21.2,24,13,24,7,4,2,3,0,3,7,5.4,1.43,2015
Charlie Furbush,SEA,35,33,0,0,0,21.2,9,5,17,5,2,1,1,0,0,13,2.08,0.65,2015
Eric O'Flaherty,OAK,37,25,0,0,0,21.1,29,14,15,13,1,1,2,0,1,3,5.91,1.97,2015
Sammy Solis,WAS,33,18,0,0,0,21.1,25,8,17,4,2,1,1,0,0,1,3.38,1.36,2015
Samuel Deduno,HOU,38,9,2,0,0,21,24,16,17,9,3,0,1,1,0,0,6.86,1.57,2015
Cory Rasmus,LAA,34,16,1,0,0,20.2,15,12,27,11,3,0,0,0,1,1,5.23,1.26,2015
Chris Martin,NYY,35,24,0,0,0,20.2,28,13,18,6,2,0,2,1,0,5,5.66,1.65,2015
Kirby Yates,TB,34,20,0,0,0,20.1,23,18,21,7,10,1,0,0,0,0,7.97,1.48,2015
Marc Rzepczynski,CLE,36,45,0,0,0,20.1,23,10,24,10,1,2,3,0,2,12,4.43,1.62,2015
Sam LeCure,CIN,37,19,0,0,0,20,16,7,15,7,2,0,2,0,1,3,3.15,1.15,2015
R.J. Alvarez,OAK,30,21,0,0,0,20,27,22,23,13,7,0,0,0,1,0,9.9,2,2015
Cesar Jimenez,MIL,37,16,0,0,0,19.2,16,8,21,8,2,0,0,0,0,4,3.66,1.22,2015
Neftali Feliz,TEX,33,18,0,0,0,19.2,24,10,16,9,2,1,2,6,3,0,4.58,1.68,2015
Scott Atchison,CLE,45,23,0,0,0,19.2,23,15,12,4,6,1,1,0,1,3,6.86,1.37,2015
Andre Rienzo,MIA,33,14,0,0,0,19.2,17,13,15,13,2,0,1,0,0,0,5.95,1.53,2015
Ross Ohlendorf,TEX,39,21,0,0,0,19.1,21,8,19,7,4,3,1,1,1,7,3.72,1.45,2015
Adam Loewen,PHI,37,20,0,0,0,19.1,20,15,22,17,3,1,0,0,0,0,6.98,1.91,2015
Yohan Pino,KC,38,7,1,0,0,19.1,23,7,13,3,2,0,2,0,0,0,3.26,1.34,2015
Chase Whitley,NYY,32,4,4,0,0,19.1,20,9,16,5,3,1,2,0,0,0,4.19,1.29,2015
Jairo Diaz,COL,30,21,0,0,0,19,16,5,18,6,2,0,1,0,1,7,2.37,1.16,2015
Nate Jones,CWS,36,19,0,0,0,19,12,7,27,6,5,2,2,0,1,6,3.32,0.95,2015
Mark Lowe,TOR,38,23,0,0,0,19,15,8,14,1,3,1,2,1,2,5,3.79,0.84,2015
Jim Johnson,LAD,38,23,0,0,0,18.2,32,21,17,6,3,0,3,1,3,5,10.13,2.04,2015
David Carpenter,NYY,36,22,0,0,0,18.2,20,10,11,7,3,0,1,0,2,2,4.82,1.45,2015
Tony Zych,SEA,31,13,1,0,0,18.1,17,5,24,3,1,0,0,0,0,1,2.45,1.09,2015
Ian Thomas,LAD,34,9,1,0,0,18,16,8,18,6,1,1,1,0,0,0,4,1.22,2015
Nate Adcock,CIN,34,13,0,0,0,18,15,12,13,12,3,1,2,0,0,0,6,1.5,2015
Kyle Crockett,CLE,30,31,0,0,0,17.2,17,8,15,7,1,0,0,0,0,3,4.08,1.36,2015
Phil Klein,TEX,32,11,2,0,0,17.1,23,13,12,10,4,1,0,0,0,2,6.75,1.9,2015
Mike Broadway,SF,34,21,0,0,0,17.1,20,10,13,7,1,0,2,0,0,2,5.19,1.56,2015
Robbie Erlin,SD,31,3,3,0,0,17,16,9,10,2,1,1,2,0,0,0,4.76,1.06,2015
Trevor Cahill,CHC,34,11,0,0,0,17,8,4,22,5,2,1,0,0,0,2,2.12,0.76,2015
Matt Grace,WAS,33,26,0,0,0,17,26,8,14,8,0,2,1,0,2,4,4.24,2,2015
Taylor Jordan,WAS,33,4,1,0,0,17,20,10,11,6,0,0,2,0,0,0,5.29,1.53,2015
Ryan Dull,OAK,32,13,0,0,0,17,12,8,16,6,4,1,2,1,1,2,4.24,1.06,2015
Deolis Guerra,PIT,32,10,0,0,0,16.2,26,12,17,3,5,2,0,0,0,0,6.48,1.74,2015
Bud Norris,SD,37,20,0,0,0,16.2,16,10,21,6,1,1,2,0,1,2,5.4,1.32,2015
Ryan Kelly,ATL,34,17,0,0,0,16.2,21,13,10,6,5,0,0,0,1,0,7.02,1.62,2015
Dan Straily,HOU,33,4,3,0,0,16.2,16,10,14,8,2,0,1,0,0,0,5.4,1.44,2015
Jake Brigham,ATL,34,12,0,0,0,16.2,28,16,12,8,1,0,1,0,0,0,8.64,2.16,2015
Asher Wojciechowski,HOU,33,5,3,0,0,16.1,23,13,16,7,2,0,1,0,0,0,7.16,1.84,2015
LaTroy Hawkins,TOR,49,18,0,0,0,16.1,22,5,14,3,1,1,0,1,0,4,2.76,1.53,2015
Matt Harrison,TEX,36,3,3,0,0,16,19,12,5,6,3,1,2,0,0,0,6.75,1.56,2015
Todd Redmond,TOR,36,7,1,0,0,16,17,13,13,7,3,0,0,0,0,1,7.31,1.5,2015
Tommy Hunter,CHC,35,19,0,0,0,15.2,20,10,15,3,4,2,0,1,0,1,5.74,1.47,2015
Collin Balester,CIN,35,15,0,0,0,15.2,17,13,13,13,3,1,1,0,0,2,7.47,1.91,2015
Oliver Drake,BAL,35,13,0,0,0,15.2,16,5,17,9,1,0,0,0,0,2,2.87,1.6,2015
Luis Avilan,LAD,32,23,0,0,0,15.2,13,9,18,5,2,0,1,0,0,6,5.17,1.15,2015
Nick Rumbelow,NYY,30,17,0,0,0,15.2,16,7,15,5,2,1,1,0,0,0,4.02,1.34,2015
Alex Claudio,TEX,30,18,0,0,0,15.2,12,5,13,6,4,1,1,0,1,3,2.87,1.15,2015
Scott Copeland,TOR,34,5,3,0,0,15.1,24,11,6,2,1,1,1,0,0,0,6.46,1.7,2015
Anthony Ranaudo,TEX,32,4,2,0,0,15.1,18,13,11,8,2,0,1,0,0,0,7.63,1.7,2015
Addison Reed,NYM,33,17,0,0,0,15.1,11,2,17,5,1,1,1,1,2,6,1.17,1.04,2015
JC Ramirez,ARI,33,12,0,0,0,15.1,15,7,11,4,1,1,1,0,2,2,4.11,1.24,2015
Nick Masset,ATL,39,20,0,0,0,15.1,18,11,12,8,3,2,2,0,0,5,6.46,1.7,2015
Logan Kensing,SEA,39,19,0,0,0,15.1,12,10,13,7,2,2,1,0,0,9,5.87,1.24,2015
Ross Detwiler,ATL,35,24,0,0,0,15.1,20,13,13,16,1,1,0,0,1,1,7.63,2.35,2015
Tim Stauffer,MIN,39,13,0,0,0,15,24,11,6,7,4,1,0,0,0,1,6.6,2.07,2015
Frankie Montas,CWS,28,7,2,0,0,15,14,8,20,9,1,0,2,0,0,0,4.8,1.53,2015
CJ Riefenhauser,TB,32,17,0,0,0,14.2,15,9,7,7,3,1,0,0,0,0,5.52,1.5,2015
Marc Rzepczynski,SD,36,27,0,0,0,14.2,17,12,17,4,2,0,1,0,2,4,7.36,1.43,2015
Sam Tuivailala,STL,29,14,0,0,0,14.2,13,5,20,8,2,0,1,0,0,2,3.07,1.43,2015
Rob Rasmussen,SEA,32,19,0,0,0,14.1,25,17,16,8,2,2,1,0,0,2,10.67,2.3,2015
Vidal Nuno,ARI,34,3,0,0,0,14.1,10,3,19,5,1,0,1,0,0,0,1.88,1.05,2015
Edgar Olmos,SEA,31,6,2,0,0,14,16,7,4,8,1,1,0,0,0,0,4.5,1.71,2015
Neil Ramirez,CHC,32,19,0,0,0,14,12,5,15,6,1,1,0,0,0,2,3.21,1.29,2015
Sean Doolittle,OAK,35,12,0,0,0,13.2,12,6,15,5,1,1,0,4,1,1,3.95,1.24,2015
Edward Mujica,BOS,37,11,0,0,0,13.2,15,7,8,3,3,1,1,0,1,0,4.61,1.32,2015
Neal Cotts,MIN,41,17,0,0,0,13.2,14,6,9,5,3,0,0,0,0,1,3.95,1.39,2015
Matt Reynolds,ARI,37,18,0,0,0,13.2,14,7,18,7,6,0,0,0,1,3,4.61,1.54,2015
Tyler Wagner,MIL,31,3,3,0,0,13.2,22,11,5,7,1,0,2,0,0,0,7.24,2.12,2015
Jorge Rondon,BAL,33,8,0,0,0,13.1,20,11,8,6,3,0,1,0,0,0,7.43,1.95,2015
A.J. Achter,MIN,33,11,0,0,0,13.1,12,10,14,6,4,0,1,0,0,0,6.75,1.35,2015
Tyler Olson,SEA,32,11,0,0,0,13.1,18,8,8,10,2,1,1,0,0,1,5.4,2.1,2015
Evan Marshall,ARI,31,13,0,0,0,13.1,20,9,7,5,3,0,2,0,2,2,6.08,1.88,2015
Anthony Swarzak,CLE,36,10,0,0,0,13.1,18,5,13,4,1,0,0,0,0,0,3.38,1.65,2015
Sergio Santos,LAD,38,12,0,0,0,13.1,13,7,15,7,2,0,0,0,0,0,4.73,1.5,2015
Gavin Floyd,CLE,39,7,0,0,0,13.1,11,4,7,4,0,0,0,0,0,0,2.7,1.13,2015
Noe Ramirez,BOS,32,17,0,0,0,13,13,6,13,7,3,0,1,0,0,4,4.15,1.54,2015
T.J. House,CLE,32,4,4,0,0,13,21,19,7,12,1,0,4,0,0,0,13.15,2.54,2015
Kendry Flores,MIA,30,7,1,0,0,12.2,16,7,9,4,0,1,2,0,0,0,4.97,1.58,2015
Danny Burawa,ATL,33,12,0,0,0,12.1,8,5,10,4,1,0,0,0,0,1,3.65,0.97,2015
Miguel Castro,TOR,27,13,0,0,0,12.1,15,6,12,6,2,0,2,4,2,1,4.38,1.7,2015
Keith Hessler,ARI,32,18,0,0,0,12.1,16,11,12,4,4,0,1,0,2,1,8.03,1.62,2015
Silvino Bracho,ARI,29,13,0,0,0,12.1,9,2,17,4,2,0,0,1,0,0,1.46,1.05,2015
Rafael Martin,WAS,37,13,0,0,0,12.1,12,7,25,5,4,2,0,0,0,0,5.11,1.38,2015
Dylan Axelrod,CIN,36,6,0,0,0,12.1,11,10,12,8,5,0,1,0,0,0,7.3,1.54,2015
Erik Cordier,MIA,36,8,0,0,0,12.1,13,8,7,6,1,0,0,0,0,0,5.84,1.54,2015
Oliver Perez,HOU,40,22,0,0,0,12,14,9,14,4,2,0,3,0,0,3,6.75,1.5,2015
Fernando Rodney,CHC,44,14,0,0,0,12,8,1,15,4,1,2,0,0,1,2,0.75,1,2015
Vin Mazzaro,MIA,35,10,0,0,0,12,15,5,6,6,0,0,0,0,0,0,3.75,1.75,2015
Yoervis Medina,SEA,33,12,0,0,0,12,11,4,9,7,1,1,0,1,1,3,3,1.5,2015
Taylor Hill,WAS,32,6,0,0,0,12,14,5,9,4,2,0,0,0,0,0,3.75,1.5,2015
Vinnie Pestano,LAA,37,19,0,0,0,11.2,15,7,13,8,3,1,0,0,2,0,5.4,1.97,2015
Roman Mendez,TEX,31,12,0,0,0,11.2,11,7,9,7,1,0,1,0,1,0,5.4,1.54,2015
Jack Leathersich,NYM,31,17,0,0,0,11.2,12,3,14,7,0,0,1,0,0,2,2.31,1.63,2015
Jon Moscot,CIN,30,3,3,0,0,11.2,11,6,6,5,2,1,1,0,0,0,4.63,1.37,2015
Dominic Leone,SEA,30,10,0,0,0,11.1,11,8,7,9,1,0,4,0,0,1,6.35,1.76,2015
Jeff Ferrell,DET,31,9,0,0,0,11.1,12,8,6,4,3,0,0,0,0,0,6.35,1.41,2015
Stolmy Pimentel,TEX,32,8,0,0,0,11.1,11,5,7,3,1,0,1,0,0,0,3.97,1.24,2015
Casey Kelly,SD,32,3,2,0,0,11.1,19,10,7,3,1,0,2,0,0,0,7.94,1.94,2015
Homer Bailey,CIN,35,2,2,0,0,11.1,16,7,3,4,3,0,1,0,0,0,5.56,1.76,2015
Scott Baker,LAD,40,2,2,0,0,11,11,7,8,3,4,0,1,0,0,0,5.73,1.27,2015
Anthony Varvaro,BOS,37,9,0,0,0,11,14,5,8,6,0,0,1,0,0,0,4.09,1.82,2015
Kevin Gregg,CIN,43,11,0,0,0,10.2,13,12,14,5,3,0,2,0,1,2,10.13,1.69,2015
Jon Edwards,SD,34,11,0,0,0,10.2,6,4,16,8,3,0,0,0,0,0,3.38,1.31,2015
Jonathan Aro,BOS,31,6,0,0,0,10.1,15,8,8,4,2,0,1,0,0,0,6.97,1.84,2015
Paco Rodriguez,LAD,30,18,0,0,0,10.1,10,3,8,3,0,0,0,0,0,4,2.61,1.26,2015
Peter Moylan,ATL,43,22,0,0,0,10.1,12,4,8,0,1,1,0,0,1,3,3.48,1.16,2015
Adam Ottavino,COL,36,10,0,0,0,10.1,3,0,13,2,0,1,0,3,0,3,0,0.48,2015
Jordan Walden,STL,34,12,0,0,0,10.1,7,1,12,4,0,0,1,1,0,8,0.87,1.06,2015
Rex Brothers,COL,34,17,0,0,0,10.1,9,2,5,8,0,1,0,0,0,0,1.74,1.65,2015
Simon Castro,COL,33,11,0,0,0,10.1,11,7,9,5,0,2,0,0,0,0,6.1,1.55,2015
Diego Moreno,NYY,35,4,0,0,0,10.1,9,6,8,3,1,1,0,0,0,0,5.23,1.16,2015
Jorge Lopez,MIL,29,2,2,0,0,10,14,6,10,5,0,1,1,0,0,0,5.4,1.9,2015
Phil Coke,CHC,39,16,0,0,0,10,14,7,9,3,1,0,0,0,0,3,6.3,1.7,2015
Rafael Montero,NYM,31,5,1,0,0,10,9,5,13,5,0,0,1,0,0,1,4.5,1.4,2015
Andrew Faulkner,TEX,29,11,0,0,0,9.2,8,3,10,3,2,0,0,0,0,2,2.79,1.14,2015
Caleb Cotham,NYY,34,12,0,0,0,9.2,14,7,11,1,4,1,0,0,0,0,6.52,1.55,2015
Nick Masset,MIA,39,8,0,0,0,9.2,12,2,6,1,0,0,0,0,0,1,1.86,1.34,2015
Josh Ravin,LAD,34,9,0,0,0,9.1,13,7,12,4,3,2,1,0,0,0,6.75,1.82,2015
A.J. Cole,WAS,30,3,1,0,0,9.1,14,6,9,1,1,0,0,1,0,0,5.79,1.61,2015
Ken Roberts,COL,33,9,0,0,0,9.1,13,6,5,2,0,0,1,0,0,0,5.79,1.61,2015
Jose Valdez,DET,32,7,0,0,0,9,10,4,4,4,2,0,1,0,1,0,4,1.56,2015
Yoervis Medina,CHC,33,5,0,0,0,9,12,7,7,4,1,0,0,0,0,0,7,1.78,2015
Logan Verrett,TEX,31,4,0,0,0,9,11,6,3,4,1,0,1,0,0,0,6,1.67,2015
Jake Buchanan,HOU,32,5,0,0,0,9,5,2,5,4,1,0,0,0,0,0,2,1,2015
Cody Martin,OAK,32,4,2,0,0,9,16,14,3,5,4,0,2,0,0,0,14,2.33,2015
A.J. Schugel,ARI,32,5,0,0,0,9,17,5,5,5,2,0,0,0,0,0,5,2.44,2015
Cory Mazzoni,SD,32,8,0,0,0,8.2,23,20,8,5,2,0,0,0,0,0,20.77,3.23,2015
Joe Wieland,LAD,32,2,2,0,0,8.2,10,8,4,5,2,0,1,0,0,0,8.31,1.73,2015
Eric O'Flaherty,NYM,37,16,0,0,0,8.2,18,13,6,5,1,0,0,0,0,1,13.5,2.65,2015
Andrew Bailey,NYY,37,10,0,0,0,8.2,9,5,6,5,2,0,1,0,0,0,5.19,1.62,2015
Matt Stites,ARI,31,11,0,0,0,8.2,14,12,6,5,1,0,0,0,0,0,12.46,2.19,2015
Miguel Almonte,KC,28,9,0,0,0,8.2,7,6,10,7,4,0,2,0,0,0,6.23,1.62,2015
Dallas Beeler,CHC,32,3,3,0,0,8.1,14,9,7,7,0,0,1,0,0,0,9.72,2.52,2015
Cody Hall,SF,34,7,0,0,0,8.1,10,6,7,4,1,0,0,0,0,0,6.48,1.68,2015
Danny Coulombe,LAD,32,5,0,0,0,8.1,9,7,7,6,0,0,0,0,0,0,7.56,1.8,2015
JC Ramirez,SEA,33,8,0,0,0,8.1,10,7,5,7,2,0,1,0,1,0,7.56,2.04,2015
Ronald Belisario,TB,39,6,0,0,0,8,8,7,6,4,0,0,0,0,0,0,7.88,1.5,2015
Brandon Beachy,LAD,35,2,2,0,0,8,10,7,5,6,1,0,1,0,0,0,7.88,2,2015
Buddy Carlyle,NYM,44,11,0,0,0,8,8,5,6,1,0,1,0,1,0,4,5.63,1.13,2015
Shawn Armstrong,CLE,31,8,0,0,0,8,5,2,11,2,1,0,0,0,0,0,2.25,0.88,2015
Michael Feliz,HOU,28,5,0,0,0,8,9,7,7,4,2,0,0,0,0,0,7.88,1.63,2015
Bobby LaFromboise,PIT,35,11,0,0,0,8,5,1,8,1,1,0,0,0,0,0,1.13,0.75,2015
Danny Coulombe,OAK,32,9,0,0,0,7.2,8,3,4,3,0,0,0,0,1,0,3.52,1.43,2015
Jason Gurka,COL,34,9,0,0,0,7.2,16,8,7,2,1,0,0,0,0,0,9.39,2.35,2015
Colton Murray,PHI,31,8,0,0,0,7.2,11,5,9,2,2,0,1,0,0,0,5.87,1.7,2015
Aaron Laffey,COL,36,3,0,0,0,7.1,8,3,3,3,1,1,0,0,0,0,3.68,1.5,2015
Brian Schlitter,CHC,36,10,0,0,0,7.1,12,6,4,2,2,1,2,0,2,0,7.36,1.91,2015
Jenrry Mejia,NYM,32,7,0,0,0,7.1,4,0,7,2,0,1,0,0,0,3,0,0.82,2015
Brandon Kintzler,MIL,37,7,0,0,0,7,12,5,7,5,1,0,1,0,0,0,6.43,2.43,2015
Chin-Hui Tsao,LAD,40,5,0,0,0,7,15,8,7,3,3,1,1,0,0,0,10.29,2.57,2015
Barry Zito,OAK,43,3,2,0,0,7,12,8,2,6,4,0,0,0,0,0,10.29,2.57,2015
Drew Rucinski,LAA,33,4,1,0,0,7,10,6,4,6,1,0,2,0,0,0,7.71,2.29,2015
Jacob Lindgren,NYY,28,7,0,0,0,7,5,4,8,4,3,0,0,0,1,0,5.14,1.29,2015
Matthew Boyd,TOR,31,2,2,0,0,6.2,15,11,7,1,5,0,2,0,0,0,14.85,2.4,2015
Scott McGough,MIA,32,6,0,0,0,6.2,12,7,4,4,0,0,0,0,0,0,9.45,2.4,2015
Yhonathan Barrios,MIL,30,5,0,0,0,6.2,3,0,7,0,0,0,0,0,0,1,0,0.45,2015
Bruce Chen,CLE,44,2,2,0,0,6.1,17,9,4,1,3,0,1,0,0,0,12.79,2.84,2015
Luke Jackson,TEX,30,7,0,0,0,6.1,5,3,6,2,1,0,0,0,0,0,4.26,1.11,2015
Scott Alexander,KC,32,4,0,0,0,6,5,3,3,3,0,0,0,0,0,0,4.5,1.33,2015
David Carpenter,WAS,36,8,0,0,0,6,5,1,4,2,1,0,0,0,0,4,1.5,1.17,2015
Rob Wooten,MIL,36,4,0,0,0,6,5,8,6,6,1,0,0,0,0,0,12,1.83,2015
David Huff,LAD,37,3,1,0,0,6,11,6,4,1,2,0,0,0,0,0,9,2,2015
Jon Edwards,TEX,34,11,0,0,0,6,6,4,6,8,1,0,0,0,0,2,6,2.33,2015
Chris Beck,CWS,31,1,1,0,0,6,10,4,3,4,0,0,1,0,0,0,6,2.33,2015
Gonzalez Germen,CHC,34,6,0,0,0,6,8,5,8,5,0,0,0,0,0,0,7.5,2.17,2015
Jose Dominguez,TB,31,4,0,0,0,5.2,2,0,5,2,0,1,0,0,0,0,0,0.71,2015
Nick Goody,NYY,30,7,0,0,0,5.2,6,3,3,3,0,0,0,0,0,0,4.76,1.59,2015
Raudel Lazo,MIA,32,7,0,0,0,5.2,5,2,5,2,1,0,0,0,0,1,3.18,1.24,2015
Joba Chamberlain,KC,36,6,0,0,0,5.2,6,5,8,4,1,0,0,0,0,0,7.94,1.76,2015
Tim Stauffer,NYM,39,5,0,0,0,5.2,8,5,8,2,2,0,0,0,1,0,7.94,1.76,2015
Rafael Soriano,CHC,42,6,0,0,0,5.2,8,4,4,1,2,2,0,0,1,0,6.35,1.59,2015
Wesley Wright,LAA,37,9,0,0,0,5.2,4,2,5,3,1,0,0,0,0,0,3.18,1.24,2015
Everett Teaford,TB,37,4,0,0,0,5.2,5,1,4,3,0,0,0,0,0,0,1.59,1.41,2015
Kevin Chapman,HOU,34,3,0,0,0,5.1,4,2,8,3,1,0,0,0,0,1,3.38,1.31,2015
Steve Johnson,BAL,34,6,0,0,0,5.1,8,6,3,5,2,0,0,0,0,0,10.13,2.44,2015
Kyle Drabek,CWS,34,3,0,0,0,5.1,9,3,3,2,1,0,0,0,0,0,5.06,2.06,2015
Miguel Castro,COL,27,5,0,0,0,5.1,6,6,6,4,2,0,1,0,0,0,10.13,1.88,2015
Preston Guilmet,TB,34,3,0,0,0,5.1,5,3,5,2,1,0,0,0,0,0,5.06,1.31,2015
Ian Thomas,ATL,34,5,0,0,0,5.1,4,2,5,5,1,0,0,0,0,0,3.38,1.69,2015
Caleb Thielbar,MIN,35,6,0,0,0,5,5,3,5,0,0,0,0,0,0,1,5.4,1,2015
Casey Sadler,PIT,31,1,1,0,0,5,4,2,5,1,1,1,0,0,0,0,3.6,1,2015
James Pazos,NYY,30,11,0,0,0,5,3,0,3,3,0,0,0,0,0,0,0,1.2,2015
Guido Knudson,DET,32,4,0,0,0,5,13,10,6,3,5,0,0,0,0,0,18,3.2,2015
Jerry Blevins,NYM,38,7,0,0,0,5,0,0,4,0,0,1,0,0,1,5,0,0,2015
Brad Mills,OAK,36,1,1,0,0,5,7,3,1,1,1,0,0,0,0,0,5.4,1.6,2015
Brad Peacock,HOU,34,1,1,0,0,5,5,3,3,2,0,0,1,0,0,0,5.4,1.4,2015
Michael Kohn,ATL,35,6,0,0,0,4.2,0,0,4,6,0,0,0,0,0,1,0,1.29,2015
Zach Lee,LAD,30,1,1,0,0,4.2,11,7,3,1,1,0,1,0,0,0,13.5,2.57,2015
Jason Frasor,ATL,44,6,0,0,0,4.2,3,0,4,3,0,0,0,0,0,2,0,1.29,2015
Carl Edwards,CHC,30,5,0,0,0,4.2,3,2,4,3,0,0,0,0,0,0,3.86,1.29,2015
Jose Ramirez,SEA,32,5,0,0,0,4.2,9,6,3,6,0,1,0,0,0,0,11.57,3.21,2015
Ken Roberts,PHI,33,6,0,0,0,4.1,9,5,1,1,0,1,0,0,1,0,10.38,2.31,2015
Brian Johnson,BOS,31,1,1,0,0,4.1,3,4,3,4,0,0,1,0,0,0,8.31,1.62,2015
Aaron Brooks,KC,31,2,0,0,0,4.1,6,3,3,0,0,0,0,0,0,0,6.23,1.38,2015
Grant Balfour,TB,44,6,0,0,0,4.1,3,3,0,4,1,0,0,0,0,1,6.23,1.62,2015
Donnie Veal,ATL,37,5,0,0,0,4.1,8,7,3,2,3,0,0,0,1,0,14.54,2.31,2015
Ryan Cook,BOS,34,5,0,0,0,4.1,13,13,3,4,4,0,0,0,0,1,27,3.92,2015
Ryan Cook,OAK,34,4,0,0,0,4.1,7,5,3,3,0,0,2,0,0,0,10.38,2.31,2015
Jay Jackson,SD,34,6,0,0,0,4.1,7,3,4,1,0,0,0,0,0,0,6.23,1.85,2015
Junior Guerra,CWS,37,3,0,0,0,4,7,3,3,1,1,0,0,0,0,0,6.75,2,2015
Craig Stammen,WAS,37,5,0,0,0,4,2,0,3,3,0,0,0,0,0,2,0,1.25,2015
Chris Reed,MIA,31,2,0,0,0,4,6,2,1,1,0,0,0,0,0,0,4.5,1.75,2015
Edgar Ibarra,LAA,32,2,0,0,0,4,4,1,3,3,0,0,0,0,0,0,2.25,1.75,2015
Angel Castro,OAK,39,5,0,0,0,4,8,1,4,3,1,0,1,0,0,0,2.25,2.75,2015
Phillippe Aumont,PHI,33,1,1,0,0,4,5,6,3,7,2,0,1,0,0,0,13.5,3,2015
Nefi Ogando,PHI,32,4,0,0,0,4,7,4,2,2,0,0,0,0,0,0,9,2.25,2015
Dario Alvarez,NYM,33,6,0,0,0,3.2,5,5,2,1,2,1,0,0,0,1,12.27,1.64,2015
Dominic Leone,ARI,30,3,0,0,0,3.2,8,6,2,0,1,0,1,0,1,0,14.73,2.18,2015
Mat Latos,LAA,34,2,0,0,0,3.2,4,2,3,1,2,0,0,0,0,0,4.91,1.36,2015
Cory Gearrin,SF,35,7,0,0,0,3.2,1,2,5,1,0,0,0,0,0,3,4.91,0.55,2015
David Carpenter,ATL,34,4,0,0,0,3.2,6,3,5,0,2,0,0,0,0,1,7.36,1.64,2015
Chad Jenkins,TOR,34,2,0,0,0,3.2,3,2,2,3,1,0,0,0,0,0,4.91,1.64,2015
Eric Surkamp,LAD,34,1,0,0,0,3.1,4,4,4,1,2,0,0,0,0,0,10.8,1.5,2015
Jose De Paula,NYY,31,1,0,0,0,3.1,2,1,2,4,1,0,0,0,0,0,2.7,1.8,2015
Giovanni Soto,CLE,30,6,0,0,0,3.1,3,0,0,0,0,0,0,0,0,0,0,0.9,2015
Donn Roach,CHC,32,1,1,0,0,3.1,8,4,1,1,0,0,1,0,0,0,10.8,2.7,2015
Cesar Jimenez,PHI,37,3,0,0,0,3.1,1,0,4,0,0,0,0,0,0,0,0,0.3,2015
Dana Eveland,ATL,38,10,0,0,0,3.1,5,2,4,3,1,0,1,0,0,1,5.4,2.4,2015
Toru Murata,CLE,36,1,1,0,0,3.1,4,3,2,1,2,0,1,0,0,0,8.1,1.5,2015
Brett Bochy,SF,34,4,0,0,0,3,1,0,3,1,0,0,0,0,0,1,0,0.67,2015
Michael Mariot,KC,33,2,0,0,0,3,2,1,1,2,1,0,0,0,0,0,3,1.33,2015
Colt Hynes,TOR,36,5,0,0,0,3,8,2,4,2,0,0,0,0,0,0,6,3.33,2015
Jose Ramirez,NYY,32,3,0,0,0,3,6,5,2,4,0,0,0,0,0,0,15,3.33,2015
Chris Rearick,SD,34,5,0,0,0,3,6,4,4,2,2,0,0,0,0,1,12,2.67,2015
Sergio Santos,NYY,38,2,0,0,0,3,3,2,3,0,1,0,0,0,0,0,6,1,2015
Xavier Cedeno,WAS,35,5,0,0,0,3,3,2,4,2,1,0,0,0,2,0,6,1.67,2015
Matt West,LAD,33,2,0,0,0,3,2,0,2,1,0,0,0,0,0,0,0,1,2015
Donovan Hand,CIN,35,1,0,0,0,3,2,0,3,1,0,0,0,0,0,0,0,1,2015
Louis Coleman,KC,35,4,0,0,0,3,1,0,1,2,0,1,0,0,0,0,0,1,2015
Jeff Beliveau,TB,35,5,0,0,0,2.2,6,4,2,1,1,0,0,0,0,1,13.5,2.63,2015
Alex Meyer,MIN,32,2,0,0,0,2.2,4,5,3,3,2,0,0,0,0,0,16.88,2.63,2015
Phil Coke,TOR,39,2,0,0,0,2.2,1,1,3,2,1,0,0,0,0,0,3.38,1.13,2015
Andrew Albers,TOR,36,1,0,0,0,2.2,1,1,1,2,1,0,0,0,0,0,3.38,1.13,2015
Marco Gonzales,STL,30,1,1,0,0,2.2,7,4,1,1,1,0,0,0,0,0,13.5,3,2015
Lucas Luetge,SEA,34,1,0,0,0,2.1,0,0,2,2,0,0,0,0,0,0,0,0.86,2015
Kyle Davies,NYY,38,1,0,0,0,2.1,3,0,2,0,0,0,0,0,0,0,0,1.29,2015
Chris Volstad,PIT,35,1,0,0,0,2,2,0,0,0,0,0,0,0,0,0,0,1,2015
Adrian Houser,MIL,29,2,0,0,0,2,1,0,0,2,0,0,0,0,0,0,0,1.5,2015
Adam Wilk,LAA,34,1,0,0,0,2,2,1,2,1,1,0,0,0,0,0,4.5,1.5,2015
Seth Rosin,PHI,33,1,0,0,0,2,7,5,0,1,1,0,0,0,0,0,22.5,4,2015
Roman Mendez,BOS,31,3,0,0,0,2,3,1,1,1,1,0,0,0,0,0,4.5,2,2015
Preston Guilmet,MIL,34,2,0,0,0,2,4,6,1,2,1,0,0,0,0,0,27,3,2015
Matt Tracy,NYY,33,1,0,0,0,2,2,0,1,2,0,0,0,0,0,0,0,2,2015
Abel De Los Santos,WAS,29,2,0,0,0,1.2,2,1,3,1,1,0,0,0,0,0,5.4,1.8,2015
Dan Winkler,ATL,32,2,0,0,0,1.2,2,2,2,1,2,0,0,0,0,0,10.8,1.8,2015
Dalier Hinojosa,BOS,36,1,0,0,0,1.2,0,0,2,3,0,0,0,0,0,0,0,1.8,2015
Javy Guerra,CWS,36,3,0,0,0,1.2,2,0,0,1,0,0,0,0,0,1,0,1.8,2015
Kyuji Fujikawa,TEX,41,2,0,0,0,1.2,2,3,1,0,1,0,0,0,0,0,16.2,1.2,2015
Wesley Wright,BAL,37,2,0,0,0,1.2,2,1,0,0,0,0,0,0,0,0,5.4,1.2,2015
C.C. Lee,CLE,35,2,0,0,0,1.2,4,1,3,1,0,0,0,0,0,0,5.4,3,2015
Juan Jaime,ATL,34,2,0,0,0,1.1,0,1,1,4,0,0,1,0,0,0,6.75,3,2015
Chad Smith,OAK,32,2,0,0,0,1.1,5,5,2,3,0,0,0,0,0,0,33.75,6,2015
Marcus Hatley,STL,33,2,0,0,0,1.1,1,0,2,2,0,0,0,0,0,0,0,2.25,2015
Leonel Campos,SD,34,1,0,0,0,1,1,1,1,1,0,0,0,0,0,0,9,2,2015
John Cornely,ATL,32,1,0,0,0,1,3,4,1,1,1,0,0,0,0,0,36,4,2015
Jorge Rondon,COL,33,2,0,0,0,1,8,10,1,3,0,0,0,0,0,0,90,11,2015
Ryan Mattheus,LAA,38,1,0,0,0,1,0,0,2,1,0,0,0,0,0,0,0,1,2015
Cesar Cabral,BAL,33,2,0,0,0,1,0,0,1,1,0,0,0,0,0,0,0,1,2015
Rob Rasmussen,TOR,32,1,0,0,0,1,1,0,1,0,0,0,0,0,0,0,0,1,2015
Akeel Morris,NYM,29,1,0,0,0,0.2,3,5,0,3,1,0,0,0,0,0,67.5,9,2015
Danny Burawa,NYY,33,1,0,0,0,0.2,3,4,1,1,1,0,0,0,0,0,54,6,2015
Jo-Jo Reyes,LAA,37,1,0,0,0,0.1,0,0,0,0,0,1,0,0,0,0,0,0,2015
Joe Nathan,DET,47,1,0,0,0,0.1,0,0,1,0,0,0,0,1,0,0,0,0,2015
