Name,Team,GS,G,IP,W,L,QS,SV,HLD,H,ER,HR,SO,BB,WHIP,K/9,BB/9,ERA,FIP,WAR,RA9-WAR,ADP,InterSD,InterSK,IntraSD,playerid
Corbin Burnes,MIL,29,29,171,12,7,16,0,0,131,58,17,221,48,1.04,11.63,2.51,3.07,2.73,5.3,4.9,10.8,3.96,-0.2,1.4,19361
Jacob deGrom,NYM,24,24,145,10,5,16,0,0,103,41,15,207,35,0.95,12.82,2.18,2.56,2.43,5.1,4.7,19.7,5.73,-0.03,1.93,10954
Gerrit Cole,NYY,30,30,189,16,8,18,0,0,147,66,26,250,47,1.03,11.87,2.24,3.15,3.22,5,5.2,7.1,4.32,0.35,1.57,13125
Shane Bieber,CLE,28,28,174,13,8,17,0,0,143,64,22,215,47,1.1,11.12,2.45,3.33,3.16,4.4,4.5,31.2,7.45,-1.7,1.08,19427
Zack Wheeler,PHI,28,28,179,12,8,16,0,0,158,70,20,183,46,1.14,9.22,2.32,3.52,3.37,4.4,4,31,4.22,0.47,0.84,10310
Brandon Woodruff,MIL,31,31,183,12,9,18,0,0,151,68,22,205,49,1.09,10.08,2.39,3.34,3.36,4.2,4.5,21.2,3.65,0.19,1.09,16162
Aaron Nola,PHI,30,31,181,12,9,14,0,0,158,75,25,209,49,1.14,10.39,2.43,3.74,3.56,4.2,3.5,41,5,-0.5,0.95,16149
Walker Buehler,LAD,31,31,190,13,7,18,0,0,161,75,25,195,52,1.12,9.21,2.45,3.54,3.69,3.8,3.8,18.6,6.48,-0.42,0.98,19374
Max Scherzer,NYM,28,28,172,12,8,16,0,0,135,62,24,217,45,1.05,11.36,2.34,3.26,3.42,3.8,3.7,19.7,4.4,-1.8,1.28,3137
Lucas Giolito,CHW,30,30,180,12,8,15,0,0,148,75,27,208,57,1.14,10.43,2.86,3.74,3.85,3.7,3.6,44.2,3.74,1.34,0.96,15474
Logan Webb,SFG,30,30,168,11,7,14,0,0,153,65,14,162,49,1.2,8.68,2.63,3.48,3.23,3.7,3.4,69.9,3.25,-0.31,0.74,17995
Freddy Peralta,MIL,29,30,161,11,8,13,0,0,118,66,22,206,66,1.14,11.52,3.67,3.67,3.64,3.6,3.2,54,3.83,-0.36,0.87,18679
Nathan Eovaldi,BOS,29,30,167,11,8,13,0,0,161,72,22,171,38,1.19,9.18,2.04,3.87,3.56,3.6,3.5,135.1,3.67,-0.14,0.68,9132
Julio Urías,LAD,31,31,177,14,7,13,0,0,159,70,24,176,44,1.14,8.94,2.22,3.57,3.72,3.5,3.5,34.7,4.97,-0.7,0.89,14765
Eduardo Rodriguez,DET,31,32,177,12,10,13,0,0,163,75,21,185,58,1.25,9.4,2.95,3.79,3.72,3.5,3.5,150.1,6.13,-0.89,0.97,13164
Max Fried,ATL,30,31,178,15,8,17,0,0,162,69,20,174,50,1.19,8.78,2.55,3.47,3.59,3.5,4.1,69.8,4.2,0.41,1.05,13743
Lance Lynn,CHW,30,30,178,12,9,15,0,0,154,73,25,191,55,1.18,9.69,2.78,3.7,3.95,3.4,3.7,70,3.81,-0.58,0.82,2520
Sandy Alcantara,MIA,30,31,189,12,11,17,0,0,166,75,21,180,55,1.17,8.57,2.64,3.56,3.66,3.3,3.6,43.4,3.99,0.22,0.78,18684
Frankie Montas,OAK,31,31,179,12,10,16,0,0,158,72,23,193,55,1.19,9.68,2.77,3.63,3.68,3.3,3.6,92.8,3.39,-0.63,0.83,14309
Dylan Cease,CHW,31,31,166,12,9,12,0,0,139,70,24,204,67,1.24,11.02,3.63,3.8,3.89,3.3,3.2,81.2,4.23,-1.17,1.09,18525
Luis Castillo,CIN,30,30,179,12,10,15,0,0,161,77,22,183,68,1.28,9.23,3.42,3.86,3.91,3.3,3.6,103.2,3.22,1.58,1.17,15689
Joe Musgrove,SDP,30,31,177,11,10,14,0,0,154,71,24,192,52,1.16,9.77,2.63,3.63,3.72,3.2,3.2,70.6,2.55,1.02,0.77,12970
José Berríos,TOR,31,31,189,13,9,15,0,0,173,81,25,193,52,1.2,9.19,2.49,3.87,3.87,3.2,3.9,77.5,4.64,-0.66,0.99,14168
Kevin Gausman,TOR,30,30,176,12,9,15,0,0,155,72,26,194,47,1.14,9.91,2.39,3.7,3.77,3.2,3.9,71.4,2.38,-0.19,0.83,14107
Trevor Rogers,MIA,30,30,159,10,9,12,0,0,136,62,18,176,56,1.21,9.96,3.2,3.54,3.51,3.1,3,92.9,3.3,-1.01,0.71,22286
Framber Valdez,HOU,28,29,173,12,8,15,0,0,156,71,16,162,68,1.3,8.41,3.54,3.67,3.74,3.1,3.4,149.6,3.43,-0.45,1.22,17295
Robbie Ray,SEA,30,30,178,11,9,15,0,0,141,72,28,228,65,1.15,11.5,3.28,3.65,3.9,3,3.4,49.9,4.8,-0.99,1,11486
Carlos Rodón,SFG,25,26,141,10,7,11,0,0,115,55,16,172,46,1.14,10.95,2.95,3.48,3.51,2.9,2.9,110.2,4.67,0.11,0.69,16137
Germán Márquez,COL,30,30,181,11,11,15,0,0,180,92,25,169,58,1.32,8.42,2.88,4.55,4.16,2.9,2.8,261.7,5.41,-0.03,1.75,15038
Charlie Morton,ATL,27,27,152,11,7,13,0,0,128,61,17,167,49,1.17,9.91,2.88,3.63,3.69,2.9,3.2,94.3,1.53,0.14,0.65,4676
Sean Manaea,OAK,30,30,171,11,10,14,0,0,159,71,23,167,39,1.16,8.82,2.07,3.73,3.89,2.8,3.2,141.4,4.91,-0.47,0.67,15873
Shohei Ohtani,LAA,25,25,136,9,6,11,0,0,111,54,17,158,50,1.18,10.45,3.32,3.59,3.67,2.8,3,9.2,4.62,-0.05,0.52,19755
Alek Manoah,TOR,28,28,157,11,6,13,0,0,130,66,22,175,53,1.17,10.07,3.07,3.81,3.88,2.8,3.3,93,2.64,-0.33,0.74,26410
Yu Darvish,SDP,29,29,168,11,9,13,0,0,144,74,26,188,48,1.14,10.06,2.58,3.97,3.94,2.7,2.3,100.3,2.05,0.54,0.93,13074
Jordan Montgomery,NYY,30,30,160,9,7,11,0,0,152,72,23,161,49,1.25,9.06,2.73,4.02,4.02,2.7,2.6,208.7,4.5,-0.26,0.75,16511
Pablo López,MIA,26,26,144,9,8,12,0,0,128,59,17,141,39,1.16,8.85,2.45,3.67,3.62,2.7,2.5,140.6,2.73,0.42,0.48,17085
John Means,BAL,29,29,164,9,11,12,0,0,155,76,31,147,35,1.16,8.06,1.94,4.14,4.49,2.7,2.7,217.1,3.03,-0.62,0.84,16269
Sonny Gray,MIN,29,29,160,11,9,12,0,0,139,70,19,163,61,1.25,9.2,3.44,3.93,3.92,2.7,2.9,168.2,4.48,0.53,0.82,12768
Tyler Mahle,CIN,30,30,167,10,9,12,0,0,154,80,27,179,60,1.28,9.65,3.23,4.3,4.28,2.6,2.4,132.2,3.23,0.61,1.24,16358
Shane McClanahan,TBR,28,28,148,11,7,10,0,0,131,60,18,164,50,1.22,9.94,3.01,3.65,3.61,2.6,2.8,109.6,3.41,-0.68,0.66,21483
Marcus Stroman,CHC,30,30,172,10,11,14,0,0,170,76,20,140,50,1.28,7.34,2.63,3.97,4.02,2.6,2.9,187.5,3.93,0.57,0.86,13431
Clayton Kershaw,LAD,22,23,130,10,6,12,0,0,118,52,19,135,28,1.13,9.39,1.91,3.62,3.72,2.5,2.4,149.4,1.82,-0.18,0.62,2036
Michael Kopech,CHW,21,33,126,8,6,7,0,6,104,53,18,157,49,1.22,11.27,3.49,3.77,3.78,2.5,2.4,161.1,3.61,-0.44,0.46,17282
Ranger Suárez,PHI,25,29,146,10,8,11,0,1,138,62,17,132,49,1.29,8.13,3.05,3.81,3.95,2.4,2.7,179.3,3.95,-0.65,0.72,17277
Hyun Jin Ryu,TOR,28,28,159,11,9,13,0,0,156,70,22,137,37,1.22,7.75,2.13,3.97,4,2.4,3.1,207.3,2.12,-0.51,0.66,14444
Patrick Sandoval,LAA,25,26,143,9,8,9,0,0,127,62,19,148,55,1.28,9.32,3.49,3.92,4.07,2.4,2.7,196,3.1,0.15,0.64,19447
Tanner Houck,BOS,24,32,131,8,6,8,0,0,119,60,15,142,49,1.28,9.74,3.33,4.1,3.69,2.4,2.3,206.4,4.76,0.09,0.56,19879
Chris Bassitt,NYM,29,29,165,10,8,13,0,0,149,70,22,160,48,1.2,8.73,2.63,3.84,4,2.4,2.4,128.5,2.37,-0.23,0.61,12304
Blake Snell,SDP,28,28,146,9,7,10,0,0,119,62,20,175,64,1.26,10.81,3.97,3.82,3.88,2.4,2.3,113.4,3.73,-0.16,0.76,13543
Zac Gallen,ARI,28,29,160,8,9,12,0,0,142,72,23,171,59,1.26,9.63,3.33,4.05,4.04,2.3,2.5,154.3,1.44,-0.31,0.8,19291
Jon Gray,TEX,30,30,167,10,10,12,0,0,157,77,23,163,58,1.28,8.79,3.1,4.17,4.14,2.3,2.4,236.9,2.39,-1.55,1.06,14916
Logan Gilbert,SEA,27,28,145,8,8,10,0,0,132,67,23,152,39,1.18,9.38,2.44,4.15,4,2.2,1.8,161.8,3.55,-1.94,0.68,22250
Brady Singer,KCR,28,28,145,8,9,11,0,0,143,68,17,134,52,1.35,8.35,3.25,4.24,3.99,2.2,2.2,492.4,4.56,-0.07,0.99,25377
Joe Ryan,MIN,25,25,133,8,7,8,0,0,113,61,21,140,36,1.12,9.45,2.45,4.12,3.97,2.2,2.1,221.5,2.79,0.11,0.82,21390
Bailey Ober,MIN,26,27,135,8,7,8,0,0,127,62,23,136,32,1.18,9.08,2.14,4.13,4.1,2.2,2.1,261.3,4.1,-0.47,0.53,21224
Ian Anderson,ATL,28,29,155,11,7,11,0,0,136,69,19,153,67,1.31,8.88,3.88,4,4.17,2.1,2.5,151.1,3.15,0.13,1.07,19951
Luis Severino,NYY,23,29,133,9,6,9,0,0,120,57,17,142,37,1.18,9.6,2.5,3.86,3.98,2.1,2.4,171.9,3.35,-1.93,0.44,15890
Adam Wainwright,STL,27,27,168,11,9,14,0,0,160,75,23,134,47,1.24,7.17,2.55,4.01,4.28,2.1,2.7,194.7,5.69,0.64,0.73,2233
Jameson Taillon,NYY,26,26,137,8,7,9,0,0,130,67,22,130,39,1.24,8.5,2.57,4.36,4.33,2.1,1.7,299.6,1.49,1.05,0.71,11674
Mike Clevinger,SDP,21,22,120,8,6,9,0,0,102,49,16,130,41,1.19,9.75,3.08,3.66,3.86,2.1,2.1,178.7,2.6,-0.45,0.38,12808
Tarik Skubal,DET,29,30,155,9,10,11,0,0,140,70,27,171,51,1.23,9.92,2.97,4.08,4.29,2,2.4,197.6,2.66,0.3,0.77,22267
Antonio Senzatela,COL,29,29,164,8,10,12,0,0,190,92,22,106,45,1.43,5.8,2.46,5.03,4.53,2,1.6,585,6.91,0.36,2.07,15488
Mike Minor,CIN,27,27,157,8,10,10,0,0,152,80,28,151,47,1.26,8.65,2.69,4.59,4.54,2,1.7,532.2,2.3,-0.29,1.23,10021
Luis Garcia,HOU,25,31,139,9,7,7,3,8,123,61,21,147,51,1.25,9.49,3.32,3.92,4.17,2,2.2,144.7,5.67,-0.8,0.49,23735
José Urquidy,HOU,26,26,138,9,7,10,0,0,129,65,24,122,32,1.16,7.92,2.06,4.22,4.36,2,1.8,212.1,3.84,0.63,0.71,18413
Chris Sale,BOS,20,20,108,7,5,7,0,0,91,42,14,131,30,1.12,10.95,2.51,3.51,3.71,1.9,2.7,85.9,5.28,-2.02,0.61,10603
Steven Matz,STL,28,28,151,10,9,10,0,0,147,70,22,137,48,1.29,8.14,2.83,4.18,4.32,1.9,2.1,249.2,5.6,0.13,0.87,13361
Shane Baz,TBR,20,20,103,6,5,7,0,0,86,42,14,115,31,1.13,10.01,2.7,3.62,3.72,1.9,2,137,3.13,0.31,0.59,22264
Zach Eflin,PHI,24,24,137,8,8,11,0,0,142,66,22,121,32,1.27,7.9,2.13,4.34,4.29,1.9,1.6,485,2.58,-0.25,0.65,13774
Alex Cobb,SFG,25,25,135,9,7,9,0,0,130,59,15,120,45,1.3,8.04,3.03,3.95,3.86,1.9,2,242.9,3.67,0.1,0.66,6562
Kyle Gibson,PHI,30,31,180,10,10,15,0,0,178,89,25,154,68,1.37,7.72,3.39,4.43,4.56,1.9,2,393.9,3.18,2.26,1.73,10123
Dane Dunning,TEX,25,25,128,8,9,7,0,0,125,61,16,117,46,1.34,8.23,3.25,4.28,4.08,1.9,1.7,484.6,2.79,0.54,0.76,19409
Chris Flexen,SEA,30,31,177,10,10,13,0,0,183,83,26,139,47,1.3,7.09,2.41,4.23,4.39,1.9,2.1,413.6,2.48,-0.37,1.13,13896
Noah Syndergaard,LAA,25,25,135,8,9,9,0,0,137,66,20,120,35,1.27,8,2.34,4.4,4.54,1.8,1.6,207.7,3.78,-0.39,0.72,11762
Justin Verlander,HOU,23,23,136,10,6,12,0,0,112,55,22,155,35,1.09,10.27,2.34,3.66,4.24,1.8,2.7,93.1,8.45,-0.68,0.8,8700
Huascar Ynoa,ATL,24,25,128,7,6,9,0,1,118,59,18,131,44,1.27,9.24,3.09,4.13,4.07,1.8,1.9,245.8,2.28,0.35,0.45,20468
Anthony DeSclafani,SFG,29,30,161,10,9,13,0,0,155,75,23,140,48,1.26,7.82,2.67,4.19,4.25,1.8,1.7,212.6,3.19,0.36,0.83,13050
Alex Wood,SFG,26,26,138,8,7,10,0,0,129,60,17,135,40,1.23,8.82,2.63,3.9,4.01,1.7,2.1,219.9,3.41,0.04,0.35,13781
Kyle Hendricks,CHC,30,31,180,10,10,15,0,0,191,91,29,129,40,1.29,6.44,2.01,4.56,4.61,1.7,1.6,279.8,4.58,0.09,1.44,12049
Marco Gonzales,SEA,29,29,172,11,10,13,0,0,173,83,29,135,46,1.27,7.08,2.4,4.32,4.65,1.7,1.8,319.6,2.51,0.42,1.13,15467
Merrill Kelly,ARI,28,28,167,9,11,11,0,0,175,87,26,133,48,1.33,7.14,2.58,4.71,4.54,1.7,1.3,526,3.75,0.3,1.53,11156
Cal Quantrill,CLE,26,27,148,9,8,11,0,0,147,69,22,123,46,1.3,7.44,2.77,4.18,4.39,1.7,2.2,267.3,5.97,1.25,0.75,19312
Yusei Kikuchi,TOR,28,29,155,9,8,12,0,0,148,74,24,150,57,1.32,8.69,3.29,4.32,4.36,1.7,2.3,301.3,7.25,-0.5,1.12,20633
Casey Mize,DET,30,30,158,9,9,11,0,0,152,76,24,125,47,1.26,7.11,2.69,4.31,4.49,1.7,2.1,279.4,2.38,1.04,0.78,20492
Lance McCullers Jr.,HOU,16,16,88,6,4,8,0,0,74,36,9,96,37,1.25,9.73,3.76,3.62,3.66,1.7,1.8,260,1.93,-0.11,0.43,14120
Nick Pivetta,BOS,28,29,153,9,9,9,0,0,144,79,25,160,61,1.34,9.45,3.58,4.68,4.55,1.7,1.8,350.8,3.12,0.24,1.59,15454
Jack Flaherty,STL,20,20,110,8,5,10,0,0,91,46,16,118,37,1.17,9.61,3.05,3.71,4.03,1.6,2.1,115.4,2.67,0.55,0.41,17479
Drew Rasmussen,TBR,22,32,120,7,5,7,0,0,103,50,14,121,46,1.24,9.09,3.43,3.77,3.87,1.6,1.9,282.4,2.8,-0.69,0.28,25385
Josiah Gray,WSN,26,27,140,7,8,10,0,0,132,73,25,139,51,1.3,8.89,3.25,4.69,4.67,1.6,1.1,290.7,3.7,0.46,1.14,24580
Zack Greinke,KCR,27,27,161,9,9,12,0,0,165,79,25,118,36,1.25,6.63,2,4.43,4.46,1.6,2.1,312.8,3.74,1.07,0.93,1943
Brad Keller,KCR,26,27,148,9,11,10,0,0,150,74,17,119,62,1.43,7.22,3.74,4.5,4.35,1.6,1.7,582.1,3.92,-0.37,1.56,15734
Liam Hendriks,CHW,0,65,66,5,3,0,32,2,48,20,8,98,13,0.92,13.25,1.81,2.69,2.49,1.6,1.4,32,3.59,0.55,1.84,3548
Triston McKenzie,CLE,27,27,138,7,8,10,0,0,113,68,24,151,57,1.23,9.88,3.7,4.46,4.55,1.6,1.6,229,2.83,1.01,0.9,18000
Miles Mikolas,STL,23,24,128,7,7,8,0,0,132,60,18,90,29,1.25,6.31,2.03,4.23,4.37,1.6,1.7,512.8,1.42,-0.58,0.38,9803
Patrick Corbin,WSN,29,29,170,10,11,13,0,0,174,87,28,150,56,1.35,7.94,2.96,4.6,4.59,1.6,1.6,456,6.18,0.01,1.67,9323
Aaron Civale,CLE,28,29,163,10,10,12,0,0,162,80,28,136,42,1.26,7.47,2.34,4.41,4.55,1.5,1.9,269.5,4.27,0.03,1.09,19479
Cole Irvin,OAK,28,29,161,9,11,12,0,0,173,80,25,114,39,1.32,6.4,2.21,4.47,4.53,1.5,1.5,532.2,2.88,0.53,1.1,19244
Kyle Freeland,COL,28,28,152,8,10,11,0,0,170,86,24,117,53,1.47,6.94,3.12,5.09,4.87,1.5,1.5,574.4,2.92,0.01,2.13,16256
Luis Patiño,TBR,19,42,123,7,6,6,0,1,107,56,18,130,47,1.26,9.53,3.45,4.08,4.16,1.5,1.3,290.7,3.85,-0.26,0.37,22815
Zach Plesac,CLE,28,28,160,9,10,11,0,0,160,80,27,125,40,1.25,6.99,2.23,4.48,4.6,1.5,1.8,346.6,3.72,0.2,1.05,19979
Aaron Ashby,MIL,8,45,86,6,4,3,0,3,71,36,8,100,38,1.27,10.54,3.99,3.74,3.43,1.5,1.2,264.1,2.86,-0.25,0.33,23550
Andrew Heaney,LAD,23,27,127,8,7,9,0,1,119,62,24,136,37,1.23,9.62,2.63,4.35,4.43,1.4,1.1,299.4,5.58,0.82,0.67,15423
Eric Lauer,MIL,23,27,131,7,7,9,0,0,124,62,20,123,48,1.31,8.45,3.29,4.31,4.46,1.4,1.6,306.3,4.39,3.25,0.68,19316
Adrian Houser,MIL,27,29,144,8,8,9,0,0,143,70,17,109,60,1.4,6.77,3.74,4.35,4.5,1.4,1.6,465,4.26,0.43,1.25,12718
JT Brubaker,PIT,24,26,134,7,9,8,0,2,131,70,22,127,44,1.31,8.51,2.98,4.68,4.45,1.4,0.8,537.7,4.01,-0.86,1.02,17578
Ryan Yarbrough,TBR,21,24,137,8,7,8,0,0,141,70,22,100,29,1.24,6.52,1.92,4.6,4.47,1.4,0.9,541.5,3.32,0.36,0.88,16502
Nestor Cortes,NYY,19,35,123,7,6,7,0,0,113,59,23,128,40,1.25,9.36,2.95,4.34,4.56,1.4,1.4,333.1,2.21,-1.2,0.51,17874
Michael Pineda,DET,24,24,125,8,8,8,0,0,127,61,20,99,28,1.24,7.16,2.01,4.39,4.45,1.4,1.6,465.2,4.41,0.16,0.56,5372
Dylan Bundy,MIN,28,28,149,8,10,10,0,0,146,79,25,138,51,1.32,8.29,3.1,4.78,4.67,1.3,1.2,498.5,3,0.22,1.43,12917
Carlos Carrasco,NYM,24,25,132,8,8,9,0,0,124,61,21,134,42,1.26,9.1,2.87,4.18,4.43,1.3,1.2,284.6,4.29,-0.29,0.51,6632
Stephen Strasburg,WSN,21,21,119,8,7,9,0,0,106,55,17,118,40,1.22,8.9,3,4.16,4.53,1.3,1.7,294,5.03,-0.25,0.35,10131
Emmanuel Clase,CLE,0,64,65,4,4,0,30,3,54,19,4,73,18,1.1,10.11,2.46,2.66,2.67,1.3,1.5,57.5,2.87,0.44,1.86,21032
José Suarez,LAA,22,24,122,7,9,5,0,0,121,64,19,108,48,1.39,7.98,3.52,4.7,4.63,1.3,1.1,535.1,2.24,-0.38,1.07,19911
Bruce Zimmermann,BAL,23,24,120,6,8,7,0,0,124,64,20,101,44,1.41,7.56,3.34,4.8,4.87,1.3,1.1,600.8,3.4,-1.5,1.09,20370
Josh Hader,MIL,0,61,63,4,3,0,35,0,36,18,7,101,25,0.98,14.53,3.57,2.53,2.77,1.3,1.5,30.5,2.37,0.07,1.97,14212
Austin Gomber,COL,25,26,130,9,9,10,0,0,131,70,22,117,49,1.38,8.1,3.39,4.87,4.78,1.2,1.5,551.9,5.67,-0.31,1.42,16561
Chris Paddack,SDP,15,30,94,6,6,6,0,1,92,44,15,89,20,1.19,8.47,1.94,4.18,3.98,1.2,0.8,436.8,2.57,1.36,0.4,20099
Cristian Javier,HOU,15,39,118,6,5,6,0,6,91,52,19,141,55,1.24,10.82,4.25,4.01,4.35,1.2,1.6,284,3.99,1.29,0.37,17606
Dallas Keuchel,CHW,26,26,145,8,9,8,0,0,158,74,20,93,51,1.44,5.76,3.14,4.62,4.79,1.2,1.3,567.3,3.85,0.19,1.57,9434
Wade Miley,CHC,28,28,155,9,10,11,0,0,161,75,21,113,55,1.4,6.55,3.21,4.36,4.75,1.2,1.7,502,5.35,-0.46,1.43,8779
Carlos Hernández,KCR,24,25,132,8,8,9,0,0,122,64,19,117,55,1.35,7.98,3.75,4.4,4.56,1.2,1.7,412.5,4.26,0.14,0.89,22713
Garrett Whitlock,BOS,1,67,82,5,4,1,9,10,76,32,8,86,22,1.2,9.42,2.46,3.47,3.24,1.2,1.3,239.2,2.65,0.24,0.71,20191
Mitch Keller,PIT,23,31,120,7,9,5,0,1,122,64,15,104,50,1.44,7.86,3.78,4.8,4.42,1.2,0.6,531.5,5.74,-0.48,1.26,17594
Dakota Hudson,STL,20,26,117,7,6,7,0,0,114,54,13,86,49,1.39,6.62,3.78,4.17,4.43,1.2,1.6,473.4,4.59,1.76,0.81,19206
Matt Manning,DET,24,24,121,6,8,7,0,0,125,64,17,93,42,1.38,6.94,3.16,4.76,4.59,1.1,1,543.4,2.97,-2.36,0.97,20369
Kris Bubic,KCR,24,25,135,7,8,10,0,0,130,67,19,118,58,1.4,7.89,3.88,4.45,4.64,1.1,1.7,536,3.77,-0.11,1.1,21455
James Kaprielian,OAK,22,24,117,6,7,8,0,0,108,57,20,114,41,1.28,8.82,3.18,4.37,4.53,1.1,1.2,448.3,2.32,-0.63,0.45,18331
Taylor Rogers,MIN,0,57,59,3,3,0,21,11,51,20,6,75,15,1.12,11.45,2.22,3.12,2.78,1.1,1.1,172.5,4.14,-0.02,1.44,13449
Roansy Contreras,PIT,15,15,79,4,5,5,0,0,74,36,10,75,27,1.28,8.49,3.06,4.14,4.07,1.1,1,508.2,3.71,0.32,0.28,22810
Luke Weaver,ARI,24,24,124,7,9,8,0,0,123,66,21,116,40,1.31,8.38,2.91,4.76,4.51,1.1,0.9,514.4,2.5,-0.51,0.94,16918
Tylor Megill,NYM,17,26,97,6,5,7,0,1,89,45,15,101,32,1.25,9.39,2.95,4.23,4.18,1.1,0.8,334.2,2.02,-0.22,0.14,21318
Corey Kluber,TBR,25,25,132,8,6,9,0,0,124,60,18,129,46,1.29,8.8,3.14,4.06,4.49,1.1,1.7,324.4,2.45,-0.41,0.54,2429
Madison Bumgarner,ARI,29,29,165,8,10,11,0,0,166,92,31,133,46,1.29,7.29,2.5,5.03,4.97,1.1,0.7,507.1,2.29,0.15,1.84,5524
Domingo Germán,NYY,13,32,90,5,6,6,0,1,83,43,16,93,27,1.22,9.35,2.67,4.33,4.3,1.1,0.9,494.6,2.26,-0.24,0.31,17149
Mike Soroka,ATL,13,13,69,4,4,6,0,0,70,33,8,54,19,1.29,7.03,2.53,4.29,4.02,1.1,0.9,546.4,2.16,-0.09,0.41,18383
Devin Williams,MIL,0,58,59,5,3,0,3,21,41,19,6,84,27,1.17,12.84,4.18,2.88,2.99,1.1,1.2,287.1,3.26,0.46,0.85,15816
Reid Detmers,LAA,18,18,94,5,6,6,0,0,89,47,17,100,35,1.32,9.55,3.38,4.45,4.56,1.1,1.1,427.4,2.99,-0.18,0.31,27468
Edwin Díaz,NYM,0,63,64,4,4,0,31,1,49,23,8,93,23,1.12,13.07,3.22,3.28,3.01,1.1,0.8,63.5,3.08,0.08,1.75,14710
Sixto Sánchez,,11,14,62,4,4,4,0,0,59,27,7,54,17,1.23,7.86,2.52,3.87,3.78,1,0.9,505.8,1.81,-0.99,0.65,19680
Ryan Pressly,HOU,0,62,63,4,3,0,33,1,51,20,6,75,17,1.08,10.72,2.39,2.84,2.99,1,1.2,64.3,1.76,0.45,1.95,7005
Aaron Bummer,CHW,0,61,61,4,3,0,4,19,50,21,4,72,25,1.23,10.64,3.74,3.08,3.04,1,1.1,595.4,2.45,-1.1,0.91,16258
Raisel Iglesias,LAA,0,63,65,5,3,0,32,1,52,23,9,87,16,1.06,12.12,2.24,3.19,3.22,1,1.1,47.6,2.47,0.99,1.77,17130
Keegan Akin,BAL,22,23,113,5,8,7,0,0,115,63,20,101,47,1.43,7.99,3.71,4.97,5,1,0.7,600,4.3,-0.55,1.14,19362
Giovanny Gallegos,STL,0,67,69,4,3,0,23,8,53,25,9,81,19,1.04,10.55,2.48,3.29,3.34,1,1,113.5,2.49,0.63,1.48,14986
Trevor Bauer,LAD,10,10,60,4,3,7,0,0,48,24,10,71,20,1.13,10.69,2.99,3.54,4.01,1,1.2,208.4,7.51,0.1,0.81,12703
Jonathan Loáisiga,NYY,0,61,69,5,3,0,6,16,61,24,7,72,21,1.19,9.46,2.72,3.2,3.43,1,1.2,393.7,2.33,-0.46,0.84,19753
Reiver Sanmartin,CIN,10,35,83,5,5,5,0,1,83,40,11,74,27,1.33,8.03,2.91,4.35,4.17,1,0.9,548.7,1.79,0.98,0.2,19754
José Quintana,PIT,24,30,136,7,9,7,0,0,136,69,19,130,56,1.41,8.59,3.71,4.53,4.76,1,1,575.5,7.52,-0.3,1.28,11423
Nick Lodolo,CIN,11,11,57,3,3,3,0,0,53,26,8,59,18,1.24,9.41,2.85,4.2,4.09,1,0.9,514.7,3.33,1.09,0.58,sa917947
Matthew Boyd,SFG,12,29,78,4,5,5,0,1,73,36,12,78,23,1.24,8.96,2.68,4.21,4.08,1,0.6,591,5.57,0.2,0.35,15440
Elieser Hernandez,MIA,25,25,126,5,7,6,0,0,118,61,25,124,36,1.22,8.87,2.55,4.38,4.67,1,1,339.6,2.98,-0.22,0.57,16933
Zach Thompson,PIT,21,38,128,6,8,8,0,0,127,65,19,105,49,1.37,7.4,3.42,4.59,4.66,1,0.8,546.8,4.3,0.44,0.92,16094
Chad Green,NYY,0,64,70,6,4,0,3,19,56,28,11,86,17,1.06,11.05,2.24,3.56,3.61,1,0.8,403.2,2.05,0.04,0.79,15552
Tony Gonsolin,LAD,18,33,102,6,5,5,0,1,89,47,16,106,44,1.31,9.32,3.91,4.16,4.47,0.9,1.1,300.6,2.72,-0.33,0.26,19388
Michael Wacha,BOS,19,31,110,5,7,6,0,0,117,60,19,101,32,1.35,8.28,2.6,4.89,4.62,0.9,0.8,549.7,5.01,-0.15,0.86,14078
Spencer Howard,TEX,19,27,90,4,6,3,0,0,87,50,14,87,38,1.37,8.67,3.75,4.97,4.51,0.9,0.4,575.8,3.01,-0.69,0.63,23252
Aroldis Chapman,NYY,0,63,62,4,3,0,31,0,41,21,7,98,33,1.2,14.21,4.81,3.06,3.33,0.9,1.1,83.3,3.04,-0.1,1.75,10233
Glenn Otto,TEX,13,20,70,4,5,4,0,0,65,35,9,69,26,1.32,8.86,3.41,4.58,4.17,0.9,0.6,582.9,3.95,-1.63,0.29,21366
Tyler Wells,BAL,1,68,76,3,4,1,9,9,68,35,12,84,22,1.19,10.02,2.63,4.21,3.97,0.9,0.5,454.6,2.26,-0.3,0.77,20000
Garrett Crochet,CHW,1,55,62,4,3,0,0,12,51,24,7,75,27,1.26,10.94,3.93,3.48,3.5,0.9,0.9,549.8,2.45,-0.25,0.67,27463
Hunter Greene,CIN,15,15,75,5,6,5,0,0,70,38,12,77,30,1.33,9.19,3.55,4.51,4.6,0.9,0.9,436.8,1.53,1.03,0.19,sa3005315
Scott Barlow,KCR,0,67,70,4,3,0,21,11,61,27,8,82,27,1.26,10.62,3.53,3.52,3.46,0.9,0.9,159.3,2.7,-0.44,1.29,14993
David Bednar,PIT,0,65,65,3,3,0,19,8,53,24,7,78,23,1.15,10.79,3.11,3.31,3.26,0.9,0.9,190.8,1.51,0.61,1.32,19569
Dinelson Lamet,SDP,4,42,61,3,3,2,2,4,50,24,8,75,24,1.21,11.06,3.52,3.6,3.66,0.9,0.8,400.5,3.45,-0.94,0.7,17186
Matt Brash,SEA,13,30,88,4,5,5,0,1,78,42,12,93,38,1.32,9.56,3.91,4.3,4.3,0.9,0.8,576.8,3.99,-0.57,0.2,sa3010616
Grayson Rodriguez,BAL,10,10,53,3,3,3,0,0,48,25,8,56,19,1.27,9.55,3.25,4.21,4.32,0.8,0.8,498.2,3.44,0.64,0.57,sa3008130
Jesús Luzardo,MIA,19,31,110,6,8,4,0,1,106,56,17,106,43,1.37,8.73,3.57,4.56,4.46,0.8,0.6,289.5,3.99,-0.27,0.71,19959
Zac Lowther,BAL,19,32,112,5,10,4,0,1,116,61,18,97,50,1.48,7.8,4.04,4.94,4.95,0.8,0.6,999,11,-1.72,1.24,20243
Jordan Romano,TOR,0,61,63,5,3,0,28,4,49,22,8,81,24,1.15,11.52,3.41,3.1,3.36,0.8,1.2,88.3,2.12,0.15,1.6,16122
Art Warren,CIN,0,52,50,4,3,0,5,12,41,19,5,66,21,1.23,11.85,3.74,3.4,3.22,0.8,0.8,482.3,2.45,1.15,0.79,18251
Randy Dobnak,MIN,14,23,86,5,5,4,0,1,96,44,11,53,26,1.42,5.57,2.7,4.66,4.52,0.8,0.7,600.4,3.85,-1.65,0.55,23798
Jake Odorizzi,HOU,13,45,96,6,6,4,0,1,90,47,15,93,32,1.27,8.69,2.98,4.37,4.41,0.8,0.7,533.5,2.42,-1.5,0.23,6397
Nick Martínez,SDP,20,25,113,6,7,7,0,0,106,56,17,99,44,1.33,7.86,3.51,4.46,4.72,0.8,0.8,514.5,5.95,0.68,0.53,12730
Matt Barnes,BOS,0,62,61,4,4,0,18,9,49,26,8,85,28,1.26,12.59,4.08,3.78,3.53,0.8,0.7,245.2,3.1,-0.72,1.06,12863
Daulton Jefferies,OAK,17,24,102,6,6,6,0,4,109,52,16,76,23,1.29,6.72,1.99,4.56,4.49,0.8,0.8,591.8,3.08,-1.02,0.4,19345
Luis Gil,NYY,11,29,72,4,4,4,0,1,62,35,11,84,39,1.39,10.46,4.82,4.41,4.55,0.8,0.7,525.9,1.9,-0.79,0.3,21052
Blake Treinen,LAD,0,65,66,5,3,0,26,7,54,24,6,73,24,1.19,9.95,3.3,3.3,3.53,0.8,0.9,147.6,2.38,0.03,1.55,12572
Tyler Alexander,DET,12,45,99,4,5,3,0,1,103,49,16,81,26,1.31,7.38,2.38,4.44,4.52,0.8,0.8,586.8,4.16,-0.23,0.25,17735
Martín Pérez,TEX,21,22,108,6,7,7,0,0,116,58,17,86,39,1.43,7.16,3.27,4.83,4.78,0.8,0.7,598.8,3.8,-0.8,0.97,6902
Andrew Kittredge,TBR,0,60,65,5,3,0,11,9,58,23,7,70,16,1.14,9.62,2.27,3.2,3.3,0.8,1,257.6,2.99,0.26,1,12828
Joe Ross,WSN,13,13,72,4,4,5,0,0,72,38,11,65,24,1.34,8.09,3.03,4.73,4.56,0.7,0.5,599.6,2.23,0.03,0.3,12972
James Karinchak,CLE,0,63,61,4,4,0,5,20,44,24,7,85,31,1.23,12.49,4.55,3.54,3.51,0.7,0.8,468.6,2.04,0.49,0.61,20151
Tyler Anderson,LAD,20,25,115,7,6,7,0,0,118,60,22,93,33,1.32,7.29,2.59,4.73,4.97,0.7,0.5,564.5,4.66,2.85,0.75,12880
Rich Hill,BOS,21,27,118,6,6,6,0,0,114,59,20,105,42,1.32,8.03,3.22,4.55,4.85,0.7,1.4,477.4,4.96,1.02,0.64,4806
Daniel Lynch,KCR,16,19,82,4,6,5,0,0,85,44,12,66,31,1.42,7.23,3.41,4.75,4.61,0.7,0.7,559.5,2.96,-0.82,0.48,21537
David Peterson,NYM,14,16,71,4,4,6,0,0,66,33,9,67,30,1.34,8.46,3.75,4.12,4.31,0.7,0.6,595.2,1.56,0.44,0.35,20302
Craig Kimbrel,CHW,0,62,61,3,4,0,10,14,42,23,9,92,27,1.14,13.64,3.98,3.41,3.54,0.7,0.9,164.4,2.76,0.62,0.9,6655
Cole Sulser,BAL,0,64,68,4,4,0,13,9,60,29,9,74,27,1.29,9.92,3.62,3.9,3.91,0.7,0.6,427.2,2.25,0.79,0.9,15256
A.J. Puk,OAK,3,53,70,4,5,1,3,6,66,32,9,73,27,1.33,9.38,3.5,4.14,3.88,0.7,0.4,545.7,3.23,-0.58,0.39,19343
Brusdar Graterol,LAD,0,52,54,4,3,0,3,12,50,22,5,49,17,1.25,8.21,2.88,3.64,3.52,0.7,0.4,567.4,2.39,-0.48,0.79,20367
Adbert Alzolay,CHC,13,16,71,4,5,4,0,0,67,36,12,70,25,1.29,8.84,3.16,4.55,4.53,0.7,0.6,444,1.71,0.53,0.31,17859
Lucas Sims,CIN,0,53,57,4,3,0,16,8,44,24,9,79,24,1.19,12.47,3.83,3.78,3.85,0.7,0.6,243.6,3.13,-0.7,1.05,13470
Tyler Matzek,ATL,0,64,63,3,2,0,0,20,51,24,6,78,33,1.33,11.16,4.71,3.37,3.58,0.7,0.9,573.2,2.11,-0.51,0.75,10058
Tanner Scott,BAL,0,57,55,3,4,0,2,16,46,24,6,68,30,1.37,11.13,4.87,3.95,3.69,0.7,0.5,599,3.86,-1.25,0.54,17586
Taylor Hearn,TEX,20,28,116,6,8,6,0,0,113,62,19,105,52,1.42,8.1,4,4.79,4.91,0.7,0.7,591.2,2.45,-0.48,1.1,18325
Anthony Bender,MIA,0,64,65,3,3,0,10,16,56,25,7,72,22,1.2,9.88,3.09,3.49,3.51,0.7,0.7,412.8,1.88,0.47,0.98,19742
Taijuan Walker,NYM,27,27,145,8,8,10,0,0,137,71,23,130,51,1.3,8.08,3.17,4.42,4.97,0.6,1,414.5,2.74,-0.24,0.88,11836
A.J. Alexy,TEX,16,17,87,5,5,4,0,0,79,47,14,78,42,1.4,8.15,4.41,4.92,4.94,0.6,0.4,596.2,4.88,0.89,0.62,22343
Nate Pearson,TOR,9,37,75,5,4,4,0,1,64,35,12,82,34,1.3,9.8,4.07,4.16,4.41,0.6,0.9,457.5,2.95,-0.59,0.19,20160
Kenley Jansen,ATL,0,63,62,4,3,0,28,3,49,25,8,75,25,1.19,10.75,3.62,3.6,3.76,0.6,0.7,90,3.46,0.99,1.64,3096
Erick Fedde,WSN,19,22,103,5,7,6,0,0,109,57,17,83,38,1.43,7.21,3.35,4.92,4.9,0.6,0.5,589.7,4.38,-0.66,0.9,17425
Collin McHugh,ATL,2,53,64,4,3,0,1,11,55,25,8,70,19,1.15,9.82,2.62,3.47,3.78,0.6,0.9,545.5,2.76,0.25,0.8,7531
Brett Anderson,,18,18,84,5,6,5,0,0,94,43,11,48,26,1.44,5.16,2.79,4.61,4.73,0.6,0.7,600.9,2.05,1.78,0.59,8223
Diego Castillo,SEA,0,59,60,4,3,0,6,14,49,23,8,69,21,1.17,10.32,3.13,3.4,3.59,0.6,0.7,409.2,3.11,-1.27,0.85,17496
Michael Fulmer,DET,0,54,61,3,3,0,12,10,58,25,7,60,18,1.26,8.94,2.66,3.73,3.84,0.6,0.7,347,3,-1.5,0.98,13218
Cody Morris,CLE,5,27,54,3,3,1,0,2,47,24,7,58,19,1.24,9.77,3.2,3.97,3.99,0.6,0.7,558.4,1.51,-0.97,0.67,sa3008653
Tucker Davidson,ATL,15,15,73,4,4,5,0,0,70,35,10,67,33,1.41,8.3,4.03,4.35,4.57,0.6,0.9,584.9,2.73,1.17,0.36,19871
Pete Fairbanks,TBR,0,58,58,4,4,0,6,18,49,23,6,74,25,1.27,11.34,3.84,3.6,3.4,0.6,0.6,517.3,3.53,-0.53,0.68,17998
Caleb Thielbar,MIN,0,60,64,4,3,0,1,15,59,28,9,70,20,1.24,9.84,2.87,3.94,3.81,0.6,0.5,999,1.24,-0.63,0.54,10078
Jordan Lyles,BAL,26,27,149,7,10,10,0,0,159,89,32,119,51,1.42,7.2,3.11,5.37,5.48,0.6,0.4,578.9,3.64,-0.07,2.18,7593
George Kirby,SEA,10,10,51,2,3,4,0,0,51,24,7,44,15,1.28,7.76,2.65,4.24,4.31,0.6,0.6,579.4,1.8,0.3,0.67,sa3011526
Tim Mayza,TOR,0,62,60,4,3,0,2,18,54,25,7,64,21,1.24,9.51,3.21,3.68,3.67,0.6,0.7,599.3,1.51,-1.66,0.66,15042
Justin Dunn,CIN,17,17,85,4,6,5,0,0,80,47,16,83,43,1.44,8.73,4.52,4.91,5.22,0.6,0.6,577.6,3.92,1.38,0.65,19268
James Paxton,BOS,9,9,43,3,3,3,0,0,40,21,7,47,15,1.27,9.71,3.06,4.34,4.1,0.6,0.6,574.7,1.47,-0.27,0.66,11828
J.A. Happ,,22,23,119,7,8,7,0,0,123,66,22,95,39,1.37,7.19,2.99,5.03,5.03,0.6,0.5,597,2.27,-1.82,1.18,7410
Pierce Johnson,SDP,0,60,60,3,3,0,14,17,49,24,7,74,26,1.25,11.05,3.91,3.58,3.68,0.6,0.5,433.3,3.47,1.4,1.05,13435
Clay Holmes,NYY,0,59,62,4,4,0,1,15,54,27,6,66,29,1.34,9.65,4.19,3.96,3.72,0.6,0.4,600.3,2.44,0.45,0.44,13649
Edward Cabrera,MIA,12,33,79,4,6,5,0,1,69,37,11,86,37,1.33,9.71,4.16,4.21,4.34,0.6,0.6,523.6,3.23,-0.23,0.23,21690
Michael Lorenzen,LAA,14,38,98,5,5,4,0,9,95,48,13,83,39,1.37,7.6,3.56,4.4,4.77,0.6,1,543.3,4.5,0.45,0.41,14843
Corey Knebel,PHI,0,60,58,4,3,0,27,6,46,23,8,73,23,1.18,11.29,3.49,3.54,3.75,0.6,0.7,151.3,3.29,0.87,1.65,15010
Génesis Cabrera,STL,1,58,65,3,4,1,1,14,55,27,7,72,31,1.32,9.95,4.25,3.81,3.89,0.6,0.6,596.6,2.63,0.13,0.55,17490
Andrew Chafin,DET,0,65,62,3,3,0,2,18,55,24,7,60,21,1.22,8.73,3.01,3.53,3.76,0.6,0.8,587.9,2.48,0.81,0.85,12988
Nick Sandlin,CLE,0,52,55,2,2,0,0,13,46,22,7,69,25,1.29,11.34,4.12,3.65,3.66,0.6,0.6,599.8,2.62,-0.91,0.72,20517
Drew Smyly,CHC,18,28,104,6,6,5,0,1,105,56,20,98,37,1.37,8.49,3.23,4.88,4.93,0.6,0.5,577.4,2.21,-0.19,0.82,11760
Jorge Alcala,MIN,0,59,64,3,4,0,10,15,58,28,9,69,20,1.21,9.66,2.8,3.94,3.74,0.6,0.4,459,1.4,-0.2,0.84,19459
Dean Kremer,BAL,13,14,62,3,4,4,0,1,63,35,12,52,24,1.42,7.66,3.5,5.19,5.17,0.6,0.2,999,3.18,-2.89,0.44,19350
Matthew Liberatore,STL,11,14,66,4,4,4,0,0,66,33,10,52,21,1.32,7.09,2.88,4.47,4.67,0.6,0.6,586,1.1,1.13,0.39,sa3008163
Alec Mills,CHC,18,28,107,5,6,5,0,1,115,59,18,76,33,1.39,6.34,2.8,4.97,4.88,0.6,0.4,594.1,1.98,0.4,0.88,13834
Dylan Coleman,KCR,0,42,46,2,2,0,0,3,40,20,5,52,19,1.27,10.1,3.69,3.8,3.56,0.6,0.5,596.7,1.48,0.39,0.76,22276
José Quijada,LAA,0,48,49,2,2,0,0,8,42,23,6,61,22,1.3,11.24,4.06,4.18,3.78,0.5,0.2,999,2.84,-0.91,0.57,19200
Griffin Canning,LAA,7,23,59,3,3,3,0,1,56,29,10,60,22,1.33,9.23,3.41,4.47,4.49,0.5,0.5,594.2,1.45,1.06,0.39,19867
Joely Rodríguez,NYY,0,56,56,3,2,0,3,12,51,24,6,58,22,1.3,9.39,3.51,3.83,3.79,0.5,0.5,600.9,2.95,-1.2,0.69,11487
A.J. Minter,ATL,0,58,55,3,4,0,0,15,49,23,6,62,22,1.27,10.02,3.51,3.7,3.56,0.5,0.5,596.5,1.7,1.24,0.66,18655
David Price,LAD,7,45,75,5,4,3,1,3,73,35,11,68,24,1.3,8.24,2.93,4.18,4.38,0.5,0.5,581.5,1.35,-0.49,0.29,3184
Josh Taylor,BOS,0,54,50,2,2,0,1,13,45,22,6,60,22,1.33,10.74,3.98,3.95,3.58,0.5,0.5,999,3.42,-1.29,0.64,17359
Bailey Falter,PHI,3,32,48,3,3,1,0,5,46,23,7,47,13,1.24,8.82,2.42,4.32,4.03,0.5,0.3,599.8,1.34,-1.04,0.69,20070
John King,TEX,0,45,53,4,3,0,0,7,53,24,5,46,15,1.28,7.74,2.55,4.03,3.57,0.5,0.3,999,2.13,-0.52,0.63,22051
Michael King,NYY,3,30,51,3,3,1,0,2,47,23,7,50,17,1.28,8.9,3.09,4.12,4.01,0.5,0.5,600.5,2.27,-1.3,0.64,19853
Mike Mayers,LAA,0,62,63,3,3,0,2,17,58,29,10,73,22,1.26,10.39,3.1,4.06,3.91,0.5,0.4,594.7,1.84,-0.47,0.5,15451
Josh Fleming,TBR,8,27,76,5,5,1,0,3,81,36,9,53,21,1.34,6.24,2.49,4.21,4.27,0.5,0.6,600.8,2.98,-1.61,0.41,20418
Bryse Wilson,PIT,19,23,104,5,7,6,0,0,115,60,18,69,33,1.43,6.02,2.89,5.19,5.11,0.5,0,600.5,3.67,-0.16,1.07,19990
Richard Bleier,MIA,0,65,63,3,2,0,1,17,66,25,6,47,12,1.22,6.63,1.66,3.55,3.62,0.5,0.6,600.7,1.02,-0.31,0.89,7803
Daniel Hudson,LAD,0,57,58,4,2,0,6,19,49,25,9,72,21,1.2,11.22,3.26,3.85,3.87,0.5,0.3,550.2,0.94,0.45,0.65,7146
Cade Cavalli,WSN,8,9,47,2,3,3,0,0,44,25,6,46,23,1.43,8.78,4.37,4.81,4.54,0.5,0.3,570.5,3.11,-0.15,0.49,sa3014421
Jake Cousins,MIL,0,54,55,3,2,0,1,12,45,21,7,67,25,1.26,11.03,4.06,3.51,3.67,0.5,0.7,600.1,1.03,1.01,0.77,21620
Yonny Chirinos,TBR,10,26,68,4,3,4,0,1,66,32,10,58,20,1.26,7.7,2.6,4.22,4.37,0.5,0.6,600.8,2.96,0.06,0.46,16401
MacKenzie Gore,SDP,11,11,55,3,3,4,0,0,53,28,8,51,23,1.38,8.34,3.82,4.51,4.59,0.5,0.4,999,2.09,-0.39,0.44,sa3005068
Will Smith,ATL,0,66,65,4,3,0,6,12,53,27,10,78,23,1.17,10.78,3.15,3.75,3.91,0.5,0.6,120.8,2.91,0.64,0.7,8048
Gregory Soto,DET,0,63,65,3,4,0,18,9,54,27,7,76,35,1.36,10.5,4.83,3.75,3.85,0.5,0.6,194.3,2.64,0.55,1.23,19677
Camilo Doval,SFG,0,58,59,4,3,0,14,15,47,24,6,73,29,1.3,11.2,4.49,3.61,3.52,0.5,0.5,159.8,2.84,0.01,0.98,21992
Tyler Rogers,SFG,0,69,70,4,3,0,7,18,72,29,6,49,17,1.28,6.31,2.22,3.7,3.73,0.5,0.6,534.3,3.44,0.29,0.84,15541
Austin Warren,LAA,0,48,54,3,3,0,1,9,53,25,6,53,23,1.42,8.97,3.81,4.15,4.05,0.5,0.3,999,3.9,-0.55,0.56,24937
Jake Diekman,BOS,0,64,63,3,2,0,5,17,51,27,7,82,35,1.36,11.79,4.97,3.81,3.83,0.5,0.7,585.9,2.55,0.14,0.67,5003
Jackson Kowar,KCR,9,16,56,3,5,3,0,1,54,30,8,52,24,1.4,8.47,3.8,4.78,4.51,0.5,0.4,594.6,4.51,-4.27,0.4,21549
Paul Sewald,SEA,0,62,64,4,3,0,11,16,51,26,10,86,23,1.15,12.03,3.19,3.59,3.83,0.5,0.6,289,1.3,-0.7,0.81,13892
Cionel Pérez,BAL,0,42,43,2,2,0,0,4,41,22,5,46,22,1.45,9.52,4.54,4.57,4.05,0.5,0,999,3.78,-1.7,0.57,19614
Seth Lugo,NYM,1,55,62,4,3,1,2,17,56,26,9,68,19,1.21,9.96,2.71,3.85,3.76,0.5,0.3,598.1,1.84,0.49,0.61,12447
José Alvarado,PHI,0,60,58,4,3,0,3,16,47,25,5,72,37,1.45,11.19,5.78,3.82,3.87,0.5,0.4,587.6,3.76,-0.05,0.68,17780
Jaime Barría,LAA,15,17,80,4,5,5,0,0,88,46,15,57,23,1.39,6.38,2.6,5.18,5.16,0.5,0.3,999,3.29,-2.34,0.61,18356
Trevor May,NYM,0,65,64,4,3,0,2,20,54,26,9,81,25,1.22,11.34,3.43,3.66,3.79,0.4,0.4,565.3,1.3,-0.38,0.57,6398
Cody Stashak,MIN,0,38,42,2,1,0,0,8,39,21,6,48,13,1.25,10.23,2.81,4.42,3.83,0.4,0.1,599.9,2.4,-0.07,0.74,18088
Kendall Graveman,CHW,0,54,58,4,3,0,3,18,50,22,7,60,20,1.2,9.25,3.04,3.47,3.9,0.4,0.8,531,3.08,1.31,0.82,15514
Jake McGee,SFG,0,59,58,3,2,0,15,8,53,23,8,58,14,1.16,8.98,2.23,3.64,3.85,0.4,0.5,251.1,3.71,0.94,1.22,7550
D.L. Hall,BAL,7,7,36,2,2,2,0,0,32,19,5,38,19,1.42,9.68,4.82,4.7,4.66,0.4,0.4,600,3.3,-0.27,0.63,sa3005282
Héctor Neris,HOU,0,69,70,4,4,0,4,17,57,29,10,86,27,1.21,11.09,3.5,3.81,3.97,0.4,0.6,493.9,2.17,0.46,0.56,11804
Joe Kelly,CHW,0,54,53,2,2,0,0,15,47,21,5,58,22,1.3,9.82,3.8,3.56,3.84,0.4,0.6,600.4,0.95,1.62,0.79,9761
Josh Staumont,KCR,0,61,63,3,3,0,5,17,53,26,8,71,31,1.32,10.12,4.4,3.72,4.02,0.4,0.7,505.8,2.29,0.46,0.71,18335
Justin Steele,CHC,10,39,76,4,5,3,0,1,71,38,11,73,35,1.39,8.59,4.16,4.45,4.63,0.4,0.5,598.7,1.42,-1.13,0.31,17312
Ryan Tepera,LAA,0,63,63,3,2,0,1,19,57,28,9,71,23,1.27,10.18,3.28,3.95,4.18,0.4,0.5,581.3,2.12,0.24,0.59,10291
Mark Melancon,ARI,0,63,63,3,3,0,23,4,64,26,6,53,22,1.35,7.57,3.07,3.77,3.79,0.4,0.5,131.8,2.12,0.77,1.62,4264
Josh Winder,MIN,10,15,57,3,3,3,0,1,58,30,10,47,18,1.33,7.56,2.8,4.8,4.74,0.4,0.4,999,1.83,-0.16,0.46,sa3007993
Phil Maton,HOU,0,61,62,3,2,0,0,12,56,28,8,71,25,1.3,10.3,3.57,4.07,3.83,0.4,0.2,600.4,2.65,-0.25,0.42,18064
Rowan Wick,CHC,0,56,59,3,3,0,18,8,51,26,6,64,27,1.33,9.89,4.11,4.04,3.83,0.4,0.3,302,2.45,0.85,1.3,14646
Ken Giles,SEA,0,48,48,2,2,0,10,8,43,20,6,58,16,1.21,10.86,2.94,3.8,3.7,0.4,0.3,288.3,2.67,-2.31,1.07,12910
Dylan Floro,MIA,0,64,64,4,4,0,17,9,61,26,7,57,21,1.3,8.03,3.04,3.7,3.81,0.4,0.5,221.3,2.22,0.59,1.2,13394
Max Meyer,MIA,7,16,44,2,2,2,0,1,42,20,5,40,18,1.37,8.19,3.67,4.15,4.3,0.4,0.4,565.6,1.88,-0.96,0.71,sa3014430
Connor Brogdon,PHI,0,56,58,4,3,0,1,12,53,27,9,57,20,1.28,8.94,3.18,4.21,4.24,0.4,0.2,600.4,1.46,0.15,0.51,21205
Robert Suarez,SDP,0,57,51,2,2,0,5,9,47,24,6,52,18,1.28,9.09,3.2,4.15,3.79,0.4,0,367.6,5.64,-3.71,0.78,sa869798
Patrick Murphy,WSN,0,49,54,2,3,0,0,9,53,26,6,54,22,1.38,8.89,3.64,4.35,3.95,0.4,0,999,3.12,-1.89,0.52,19712
Tyler Gilbert,ARI,16,20,89,5,6,6,0,0,93,49,15,66,32,1.39,6.68,3.19,4.89,4.95,0.4,0.4,599.9,6.32,0.34,0.57,17964
Ross Stripling,TOR,8,43,78,5,4,3,0,2,77,39,15,72,22,1.27,8.3,2.55,4.53,4.64,0.4,0.6,583.7,2.57,-0.03,0.3,13273
Reynaldo López,CHW,7,40,69,4,4,2,0,1,66,34,12,67,24,1.3,8.76,3.08,4.43,4.58,0.4,0.4,557.4,4.16,-1.29,0.3,16400
Jordan Hicks,STL,1,45,48,2,2,0,2,9,40,20,4,48,25,1.36,8.98,4.74,3.8,3.81,0.4,0.5,518.8,2.98,-0.9,0.77,19618
Phil Bickford,LAD,0,54,53,3,3,0,1,13,47,23,7,60,19,1.25,10.16,3.31,3.89,3.89,0.4,0.3,600.9,1.27,0.31,0.63,18519
Craig Stammen,SDP,0,58,62,4,3,0,1,9,61,26,8,55,13,1.21,8.02,1.97,3.87,3.84,0.4,0.3,599.4,1.86,0.95,0.69,7274
Tyler Duffey,MIN,0,64,65,3,3,0,3,22,59,29,8,67,24,1.29,9.37,3.36,4.05,3.93,0.4,0.4,577.8,2.16,0.69,0.56,13758
Trevor Richards,TOR,1,50,58,4,3,1,2,11,53,27,9,63,20,1.25,9.76,3.11,4.11,4.16,0.4,0.5,600.5,1.63,-0.13,0.54,19309
Andrew Wantz,LAA,0,45,53,2,1,0,0,7,50,26,8,58,19,1.31,9.97,3.28,4.53,4.2,0.4,0,999,2.16,-1.58,0.5,24933
Tony Santillan,CIN,3,49,65,3,3,1,5,8,58,31,10,74,29,1.33,10.3,3.96,4.3,4.37,0.4,0.4,600.3,1.62,-0.78,0.57,19926
Dillon Tate,BAL,0,59,64,3,3,0,2,13,64,31,8,52,22,1.34,7.38,3.05,4.4,4.22,0.4,0.2,600.9,2.47,-1.59,0.52,17796
Lewis Thorpe,MIN,9,22,62,3,4,3,0,2,66,34,10,48,23,1.44,6.94,3.38,4.95,4.92,0.4,0.2,599.9,3.57,-1.29,0.42,15906
Jorge López,BAL,2,48,56,3,4,1,1,10,56,28,8,54,20,1.35,8.62,3.15,4.51,4.29,0.4,0.2,599.9,5.59,-1.42,0.48,14527
Daniel Bard,COL,0,61,61,4,5,0,5,13,60,32,8,68,30,1.47,10.06,4.4,4.82,4.29,0.4,0.2,579.3,2.97,0.96,0.66,7115
Colin Poche,TBR,0,44,47,3,2,0,0,5,37,19,6,59,17,1.18,11.37,3.36,3.75,3.65,0.4,0.4,600.7,2.14,1.14,0.8,19403
Luke Jackson,ATL,0,62,62,3,2,0,3,19,56,25,7,66,26,1.32,9.67,3.77,3.7,3.89,0.4,0.6,598.1,1.2,-0.21,0.67,11752
Brent Suter,MIL,1,59,67,5,4,0,0,10,67,29,9,61,19,1.28,8.13,2.56,3.9,4.08,0.4,0.5,587.6,2.39,-0.4,0.49,13942
Justus Sheffield,SEA,9,32,72,4,5,4,0,1,72,36,9,63,31,1.45,7.87,3.94,4.51,4.48,0.4,0.4,599.5,3.39,-0.39,0.43,17285
Matt Wisler,TBR,0,57,61,3,3,0,2,16,53,27,9,72,19,1.17,10.48,2.72,3.9,3.91,0.4,0.3,599.6,1.26,0.71,0.67,12804
Sam Coonrod,PHI,0,53,54,3,2,0,1,13,49,25,7,57,22,1.32,9.6,3.66,4.16,4.01,0.4,0.2,600.9,2.17,-0.94,0.57,17264
Garrett Richards,TEX,6,42,61,3,4,1,1,6,61,30,9,54,23,1.39,8,3.47,4.48,4.47,0.4,0.3,598.7,2.98,-0.56,0.45,9784
Austin Adams,SDP,0,49,47,2,2,0,1,11,38,21,5,62,25,1.34,11.78,4.85,4.04,3.7,0.4,0.1,600,1.19,-2.04,0.63,13801
Aaron Loup,LAA,0,61,60,3,3,0,1,16,55,23,7,60,19,1.25,9.09,2.94,3.54,4.02,0.4,0.7,594.4,1.42,-0.23,0.76,10343
Brett Martin,TEX,0,61,62,3,3,0,1,17,64,27,7,49,18,1.34,7.12,2.68,3.95,3.93,0.4,0.5,999,0.66,-0.06,0.65,17369
Alexander Wells,BAL,5,25,48,3,3,2,0,2,53,27,9,35,11,1.32,6.5,2.08,5.1,4.89,0.4,0,999,3.82,-0.88,0.6,19845
Chris Martin,CHC,0,54,54,3,3,0,3,13,55,24,8,47,10,1.2,7.82,1.7,4.06,3.87,0.4,0.2,600.3,1.18,0.08,0.81,11847
Trevor Rosenthal,,0,47,46,2,2,0,0,4,36,20,5,60,24,1.28,11.6,4.59,3.82,3.77,0.4,0.4,557.3,1.46,-1.06,0.73,10745
Kirby Snead,OAK,0,31,32,1,2,0,0,6,29,13,3,34,13,1.31,9.49,3.67,3.53,3.55,0.4,0.3,999,2.19,0.27,1,19179
Ryan Thompson,TBR,0,49,50,3,3,0,0,13,46,20,6,50,15,1.22,8.9,2.69,3.64,3.73,0.3,0.4,999,1.44,-0.62,0.83,16647
JT Chargois,TBR,0,60,61,3,2,0,2,16,54,25,7,64,24,1.27,9.4,3.58,3.71,3.82,0.3,0.5,600.3,2.03,-0.71,0.65,13767
Caleb Ferguson,LAD,0,32,32,2,1,0,0,3,27,12,4,41,13,1.23,11.4,3.57,3.44,3.62,0.3,0.4,999,2.37,-0.86,0.98,19349
Casey Sadler,SEA,0,48,56,2,2,0,0,16,51,23,8,53,18,1.25,8.67,2.92,3.8,4.03,0.3,0.5,600.5,1.07,1.49,0.76,11209
Peter Lambert,COL,15,19,76,3,6,4,0,0,89,49,14,54,27,1.52,6.42,3.15,5.75,5.22,0.3,0.1,600.8,4.89,-1.73,0.98,17969
Jovani Moran,MIN,0,37,43,2,2,0,0,3,37,20,5,52,23,1.38,10.84,4.75,4.22,3.79,0.3,0.2,999,2.5,0.17,0.63,20422
José Cisnero,DET,0,60,59,3,3,0,1,14,54,26,7,61,28,1.37,9.18,4.17,3.99,4.2,0.3,0.4,999,2,-0.27,0.55,6399
Adam Cimber,TOR,0,62,63,3,3,0,1,13,65,28,8,46,17,1.3,6.58,2.47,4.08,4.16,0.3,0.5,600.6,1.4,-0.03,0.61,15288
Johnny Cueto,,19,21,109,6,6,5,0,1,114,57,18,88,34,1.36,7.22,2.83,4.73,4.99,0.3,0.5,585.8,1.82,1.27,0.7,6893
Chris Stratton,PIT,0,59,65,4,3,0,10,13,62,31,9,66,26,1.35,9.06,3.59,4.23,4.16,0.3,0.2,519.4,1.91,-0.74,0.8,13761
Joel Payamps,KCR,0,45,53,2,3,0,0,6,54,26,7,44,16,1.32,7.43,2.74,4.39,4.15,0.3,0.2,999,0.93,0.76,0.6,14332
Matt Harvey,,11,12,57,3,4,3,0,0,63,34,10,43,18,1.44,6.78,2.89,5.36,5.32,0.3,0.1,999,4.63,-1.36,0.49,11713
Jeffrey Springs,TBR,0,40,43,3,2,0,1,5,35,17,6,54,16,1.21,11.43,3.38,3.67,3.7,0.3,0.4,999,1.72,-1.78,0.81,17677
Mitch White,LAD,3,30,42,3,3,1,1,1,39,18,6,40,14,1.27,8.68,3.07,3.92,4.23,0.3,0.3,562.7,1.42,0.34,0.81,19225
Alex Vesia,LAD,0,52,54,4,2,0,2,14,44,24,9,69,26,1.29,11.49,4.26,3.99,4.14,0.3,0.2,600,1.96,-0.77,0.47,25007
Kyle Bradish,BAL,6,15,39,2,2,2,0,1,37,21,6,38,18,1.42,8.67,4.15,4.75,4.85,0.3,0.3,999,2.08,-1.5,0.61,sa3008605
Josh Sborz,TEX,0,53,53,3,3,0,3,12,48,24,7,60,24,1.35,10.15,4.01,4.12,4,0.3,0.3,600.9,2.16,-0.61,0.59,18323
Erik Swanson,SEA,1,42,46,2,2,1,0,6,43,22,7,46,14,1.25,9.17,2.72,4.3,4.17,0.3,0.1,600.1,1.89,-0.7,0.77,16587
Packy Naughton,STL,4,17,41,1,2,1,0,1,47,21,6,30,11,1.43,6.67,2.42,4.73,4.43,0.3,0.2,999,3.86,-0.54,0.7,23292
Tim Hill,SDP,0,58,53,4,3,0,0,16,50,23,6,50,19,1.3,8.41,3.18,3.92,3.93,0.3,0.2,999,2.17,0.2,0.62,16814
Drew Steckenrider,SEA,0,62,64,3,3,0,11,11,59,28,10,61,20,1.24,8.5,2.87,3.88,4.25,0.3,0.4,401.5,3.64,1.33,0.93,18806
Will Harris,WSN,0,52,51,2,3,0,0,9,49,24,7,52,18,1.33,9.23,3.27,4.34,4.23,0.3,0.1,598.3,2.64,-2.73,0.58,3192
Anthony Misiewicz,SEA,0,53,54,3,3,0,0,18,53,25,8,54,16,1.27,8.94,2.67,4.1,3.96,0.3,0.2,999,3.3,-0.89,0.62,18152
Andrés Muñoz,SEA,0,48,45,2,2,0,3,10,35,18,6,59,24,1.3,11.77,4.73,3.56,3.79,0.3,0.5,574,4.69,-0.56,0.82,20373
Brooks Raley,TBR,0,47,48,2,2,0,2,11,42,20,6,53,18,1.24,10.02,3.32,3.78,3.79,0.3,0.3,600.9,2.44,-0.52,0.82,10061
Max Kranick,PIT,6,26,48,2,3,2,0,1,49,26,7,36,16,1.36,6.85,2.99,4.87,4.75,0.3,0,999,3.08,-0.71,0.58,22175
Dustin May,LAD,1,16,20,1,1,1,0,1,17,8,2,22,6,1.16,9.89,2.58,3.43,3.41,0.3,0.3,559.5,1.45,-0.22,1.18,19716
Ethan Small,MIL,8,9,42,2,2,3,0,1,39,22,6,39,21,1.42,8.32,4.45,4.69,4.86,0.3,0.3,600.9,3.48,1.05,0.59,sa3011621
Luis Cessa,CIN,0,62,70,3,3,0,3,14,68,32,10,60,23,1.31,7.83,2.95,4.08,4.36,0.3,0.5,588.8,3.3,0.36,0.55,13345
Ryan Weathers,SDP,7,17,47,2,3,1,0,1,49,24,8,37,15,1.38,7.04,2.96,4.68,4.8,0.3,0.2,600.8,3.35,-0.75,0.61,23796
Jake Brentz,KCR,0,57,55,3,3,0,5,14,47,24,6,64,29,1.37,10.41,4.71,3.9,3.96,0.3,0.5,600.8,2.37,-0.15,0.7,17783
Tobias Myers,CLE,4,11,35,2,2,2,0,0,34,18,6,32,10,1.28,8.33,2.69,4.58,4.48,0.3,0.3,999,1.89,0.64,0.81,sa918088
Kyle Muller,ATL,8,9,40,3,3,2,0,0,37,21,5,38,21,1.45,8.48,4.75,4.59,4.69,0.3,0.4,590.8,1.84,1.25,0.58,20167
Kwang Hyun Kim,,8,24,63,4,4,3,9,0,61,29,10,45,23,1.33,6.47,3.26,4.14,4.87,0.3,0.8,593,4.11,1.72,0.86,27458
Steven Okert,MIA,0,52,54,3,2,0,0,8,48,23,8,58,19,1.25,9.83,3.22,3.89,4.18,0.3,0.3,999,0.8,-0.94,0.67,13580
Jeurys Familia,PHI,0,55,54,4,3,0,1,9,50,25,7,58,26,1.4,9.66,4.23,4.19,4.2,0.3,0.1,597.5,1.44,-1.35,0.46,5114
Sam Hentges,CLE,3,46,64,2,3,0,0,6,62,33,9,63,28,1.41,8.89,3.95,4.62,4.39,0.3,0.1,999,6.15,-1.99,0.39,18548
Chris Archer,,19,20,96,5,6,6,0,0,92,51,16,94,38,1.35,8.79,3.55,4.74,4.9,0.3,0.5,600.8,2.86,0.31,0.54,6345
Sammy Long,SFG,4,25,44,2,2,1,0,1,41,21,6,41,16,1.28,8.43,3.23,4.31,4.14,0.3,0.2,596.1,4.93,1.24,0.75,25379
Ryan Rolison,,7,9,43,2,3,2,0,1,48,27,8,34,16,1.48,7.17,3.3,5.54,5.15,0.3,0.2,601,2.18,-1.38,0.53,sa3008244
Vince Velasquez,CHW,8,30,58,3,3,2,0,0,54,32,11,61,25,1.37,9.47,3.84,4.99,4.97,0.3,0.1,599.4,2.76,-0.68,0.39,11189
Devin Smeltzer,MIN,2,13,24,1,1,0,0,0,24,12,4,21,6,1.27,7.87,2.46,4.5,4.25,0.3,0.1,999,1.57,-0.35,1,19487
Chris Mazza,TBR,3,15,30,2,1,0,0,0,28,14,4,26,11,1.33,7.89,3.39,4.31,4.3,0.3,0.2,999,1.63,0.51,0.9,14151
Sam Howard,PIT,0,51,49,3,3,0,0,11,43,24,7,58,26,1.39,10.69,4.7,4.42,4.15,0.3,0,999,2.1,-0.95,0.43,16265
Louis Head,MIA,0,45,49,2,1,0,0,5,46,22,7,48,19,1.31,8.85,3.47,4.09,4.17,0.3,0.1,600.5,2.03,-0.52,0.69,13259
Kervin Castro,SFG,0,36,41,3,2,0,0,2,37,18,4,40,17,1.32,8.87,3.73,3.88,3.91,0.3,0.2,600.3,3.28,1.03,0.76,21656
Adrian Morejon,SDP,3,10,20,2,1,1,0,0,17,8,3,22,8,1.26,10.08,3.49,3.89,3.9,0.2,0.3,999,2.17,-0.1,1.05,20039
Kolby Allard,TEX,3,35,50,2,3,2,0,3,50,26,8,44,15,1.32,7.88,2.78,4.72,4.36,0.2,0.1,601,3.42,-2.05,0.58,18694
Trevor Cahill,,8,10,46,2,4,2,0,0,47,25,7,37,19,1.44,7.39,3.66,5.02,4.9,0.2,0.1,999,1.61,-1.58,0.5,6249
Tyler Glasnow,TBR,2,2,12,1,1,1,0,0,9,4,2,16,4,1.09,12.11,3.23,3.4,3.45,0.2,0.3,598.8,4.79,1.73,1.22,14374
Paul Blackburn,OAK,5,17,40,2,3,2,0,3,45,20,5,28,12,1.43,6.37,2.66,4.65,4.52,0.2,0.2,999,3.79,-0.96,0.69,14739
Lou Trivino,OAK,0,65,67,4,5,0,20,8,60,30,8,63,30,1.34,8.53,3.99,4,4.12,0.2,0.4,237.2,2.47,-1.05,1.33,15043
Wander Suero,,0,41,40,3,2,0,0,6,39,20,6,41,14,1.31,9.02,3.15,4.46,4.25,0.2,0,999,0.73,0.7,0.66,15855
Danny Duffy,LAD,1,22,30,2,2,1,0,1,27,13,4,33,11,1.24,9.74,3.15,3.83,4.22,0.2,0.2,587.9,1.94,-0.84,0.95,3542
Sean Poppen,ARI,0,31,33,2,2,0,0,3,32,16,4,33,13,1.37,9.04,3.58,4.38,3.83,0.2,0.1,999,1.86,-0.45,0.8,19583
Seranthony Domínguez,PHI,0,43,46,2,2,0,1,6,42,23,6,46,19,1.35,9.14,3.85,4.53,4.12,0.2,0,599.6,2.12,-3.2,0.61,19249
Spencer Strider,ATL,3,7,26,4,1,1,0,1,23,13,4,26,11,1.35,9.05,3.88,4.39,4.62,0.2,0.2,599.7,2.26,1.73,0.8,27498
Austin Davis,BOS,0,41,42,2,2,0,0,6,40,22,6,44,18,1.39,9.44,3.93,4.65,4.22,0.2,0.1,999,2.46,-1.11,0.6,17117
Jon Heasley,KCR,5,16,37,2,2,1,0,1,39,20,6,30,13,1.4,7.25,3.2,4.76,4.75,0.2,0.2,999,2.5,-1.3,0.69,22224
Drew VerHagen,STL,3,42,56,3,3,2,0,5,55,27,8,48,20,1.33,7.65,3.21,4.34,4.45,0.2,0.2,600.3,2.18,-0.14,0.51,13424
Domingo Acevedo,OAK,0,50,54,2,2,0,0,7,49,25,9,57,16,1.19,9.41,2.67,4.07,4.06,0.2,0.2,598.9,1.6,0,0.82,17092
Josh James,HOU,0,28,31,1,1,0,0,3,26,15,4,37,15,1.33,10.82,4.36,4.26,4.08,0.2,0.1,601,1.49,-1.15,0.83,16794
Gabe Speier,KCR,0,33,34,1,1,0,0,2,34,16,4,31,11,1.35,8.34,2.95,4.18,3.8,0.2,0.2,999,1.98,-0.97,0.86,17170
Kyle McGowin,,0,35,37,2,1,0,0,2,34,18,6,40,14,1.3,9.81,3.32,4.39,4.28,0.2,0.1,999,1.3,-1.67,0.79,15071
Tommy Kahnle,LAD,0,39,40,2,1,0,0,5,33,16,5,49,15,1.2,11.12,3.43,3.63,4.07,0.2,0.4,999,2.57,-0.88,0.91,11384
Julian Merryweather,TOR,0,46,51,2,2,0,2,10,48,23,8,53,17,1.28,9.36,3.06,4.08,4.11,0.2,0.4,587.1,2.48,-0.08,0.74,16703
Vladimir Gutierrez,CIN,20,23,111,6,8,7,0,1,119,67,23,87,43,1.46,7.08,3.47,5.45,5.53,0.2,0.1,585.4,3.58,0.46,1.53,19278
Sean Guenther,MIA,0,19,25,1,1,0,0,2,25,12,3,22,7,1.29,7.98,2.6,4.5,3.76,0.2,0,999,3.8,-1.93,1,20045
Darwinzon Hernandez,BOS,0,44,43,2,2,0,0,10,35,19,5,58,28,1.46,11.94,5.88,3.98,3.96,0.2,0.4,999,2.27,-1.11,0.64,19848
Jhonathan Diaz,LAA,0,20,28,2,2,0,0,1,27,13,3,26,10,1.32,8.28,3.16,4.29,3.92,0.2,0.2,999,2.32,-0.98,0.91,20298
Tanner Rainey,WSN,0,60,57,3,3,0,11,14,45,28,9,75,34,1.38,11.93,5.35,4.5,4.4,0.2,0,371.9,2.8,-0.14,0.87,17610
Trevor Williams,NYM,4,35,57,3,3,2,0,2,57,28,9,52,17,1.3,8.11,2.68,4.38,4.36,0.2,0.1,601,2.59,-2.89,0.52,16977
Paolo Espino,WSN,17,29,95,4,6,4,0,1,103,53,19,76,28,1.38,7.19,2.62,5.06,5.32,0.2,0.2,599.2,3.51,0.02,0.74,8246
Adam Ottavino,NYM,0,62,60,4,3,0,3,14,50,27,7,72,33,1.38,10.78,4.91,4.04,4.13,0.2,0.1,598.1,1.61,-1.1,0.46,1247
Joe Jiménez,DET,0,52,52,3,3,0,1,7,46,27,8,58,24,1.36,10.2,4.21,4.7,4.42,0.2,0,999,2.07,-0.15,0.41,15761
Ryne Stanek,HOU,0,64,66,3,3,0,1,15,55,30,10,78,32,1.31,10.74,4.36,4.09,4.32,0.2,0.4,598.8,1.97,-0.65,0.42,15947
Brad Boxberger,MIL,0,66,64,4,3,0,2,18,56,30,10,74,29,1.33,10.34,4.1,4.27,4.34,0.2,0.2,588.3,1.86,0.71,0.35,10133
Jakob Junis,SFG,6,41,60,3,4,1,0,2,61,30,10,57,18,1.31,8.43,2.71,4.46,4.49,0.2,0.1,600.1,3.66,-0.37,0.41,13619
Amir Garrett,KCR,0,62,58,2,3,0,5,12,51,29,8,68,30,1.38,10.55,4.57,4.44,4.19,0.2,0.2,586.6,2.95,-0.19,0.61,14375
Joe Mantiply,ARI,0,55,51,2,3,0,0,11,51,25,6,48,20,1.4,8.51,3.48,4.45,4.04,0.2,0.1,999,2.18,-2.49,0.56,14857
Alex Reyes,STL,0,34,35,2,2,0,4,7,27,15,4,43,21,1.36,10.85,5.37,3.77,4.13,0.2,0.3,395.7,2.98,1.86,0.86,15015
Kyle Finnegan,WSN,0,63,64,4,4,0,14,11,61,30,9,65,29,1.4,9.1,4,4.17,4.32,0.2,0.3,351.5,3.61,-0.11,1.08,15009
Carlos Estévez,COL,0,63,63,3,3,0,12,10,68,35,10,62,22,1.43,8.86,3.17,4.96,4.42,0.2,0,528.6,2.83,-0.28,1.05,14542
Brad Wieck,CHC,0,26,28,1,1,0,0,3,23,12,4,36,13,1.31,11.76,4.26,3.78,3.84,0.2,0.2,598.9,1.84,-0.16,0.97,16390
Kyle Wright,ATL,5,10,30,2,2,1,0,1,31,16,4,26,12,1.41,7.62,3.63,4.68,4.59,0.2,0.2,592.2,1.33,-2.11,0.78,19665
Heath Hembree,PIT,0,61,60,3,4,0,3,12,53,31,10,71,25,1.3,10.65,3.79,4.62,4.33,0.2,-0.2,600.8,3.4,-0.19,0.47,11632
Scott Effross,CHC,0,37,41,3,2,0,0,6,41,20,5,37,12,1.29,8.26,2.65,4.43,4.04,0.2,0,599.2,1.16,0.6,0.69,18384
Charlie Barnes,,9,12,41,2,3,2,0,0,46,24,6,27,17,1.52,5.79,3.64,5.27,5.08,0.2,0.1,999,5.15,-0.74,0.6,19865
Cole Winn,TEX,5,5,23,1,1,1,0,0,22,12,3,21,10,1.37,8.4,3.84,4.88,4.72,0.2,0.2,587.8,4.41,1.03,0.92,sa3008662
Zach Logue,OAK,5,5,27,1,2,2,0,0,27,14,5,23,8,1.3,7.54,2.67,4.6,4.72,0.2,0.2,999,1.94,-1.7,0.93,sa915822
Wandy Peralta,NYY,0,58,57,3,3,0,0,9,56,26,7,51,24,1.4,8.04,3.71,4.12,4.35,0.2,0.3,999,1.76,-0.31,0.53,14295
J.B. Wendelken,ARI,0,54,56,3,4,0,1,11,53,27,7,53,24,1.39,8.52,3.93,4.35,4.37,0.2,0.2,600.1,1.84,-0.06,0.51,14506
Brendan McKay,TBR,2,9,15,1,1,1,0,1,13,6,2,17,5,1.21,10.16,3.02,3.8,3.79,0.2,0.2,999,0.8,-0.05,1.17,20186
Deolis Guerra,OAK,0,59,63,3,3,0,4,15,60,30,10,59,20,1.28,8.53,2.93,4.35,4.39,0.2,0.1,599.9,1.76,0.76,0.56,8410
Miguel Del Pozo,DET,0,39,40,2,2,0,0,3,38,20,5,40,19,1.43,8.97,4.24,4.53,4.36,0.2,0,999,3.1,-0.42,0.67,18792
Zach Davies,ARI,24,25,123,7,9,6,0,0,132,70,20,90,51,1.49,6.62,3.76,5.12,5.22,0.2,0.4,595.9,3.26,1.86,1.63,13183
Joe Barlow,TEX,0,55,55,2,3,0,17,7,47,25,7,60,29,1.38,9.67,4.79,4.01,4.34,0.2,0.3,216.1,4.71,0.62,1.29,22296
Zach Pop,MIA,0,51,54,2,2,0,0,7,51,25,6,49,23,1.38,8.25,3.81,4.13,4.03,0.2,0.1,999,1.91,-0.56,0.64,20185
Eli Morgan,CLE,6,35,65,3,4,3,0,3,65,35,13,59,20,1.3,8.22,2.72,4.9,4.83,0.2,0.1,600.5,2.28,-1.41,0.44,20203
Jay Jackson,ATL,0,38,39,3,1,0,0,7,34,19,6,48,18,1.31,11.03,4.02,4.32,4.01,0.2,0,999,2.13,-0.11,0.64,7432
Archie Bradley,LAA,0,51,52,3,3,0,0,11,52,25,7,45,20,1.39,7.81,3.42,4.4,4.48,0.2,0.1,600.7,1.68,0.16,0.51,12918
Chad Kuhl,COL,11,21,62,3,5,3,0,1,64,38,11,56,29,1.5,8.11,4.22,5.47,5.27,0.2,0.2,600.7,4.8,-0.05,0.58,14975
Kodi Whitley,STL,0,46,47,2,2,0,0,7,43,22,6,47,19,1.32,8.92,3.66,4.14,4.21,0.2,0.2,999,1.63,-0.53,0.69,19731
Brad Hand,PHI,0,57,57,3,4,0,4,13,51,26,8,60,20,1.26,9.49,3.25,4.15,4.38,0.2,0.3,520,1.84,0.91,0.61,9111
Javy Guerra,SDP,0,28,28,1,1,0,0,3,28,14,4,27,11,1.36,8.55,3.46,4.42,4.17,0.2,-0.1,999,3.43,-1.58,0.87,17292
Francisco Perez,WSN,0,26,31,1,1,0,0,3,27,15,4,33,15,1.36,9.6,4.4,4.26,4.04,0.2,0.1,999,2.19,0.82,0.86,21018
José Leclerc,TEX,0,30,31,1,1,0,2,5,25,13,4,40,16,1.32,11.64,4.69,3.9,4.08,0.2,0.2,600.3,1.84,-1.62,0.91,14524
Yimi García,TOR,0,60,60,4,4,0,4,13,56,28,10,62,18,1.22,9.32,2.64,4.23,4.28,0.2,0.3,581.1,1.37,-1.63,0.58,12095
Adam Oller,OAK,4,7,28,1,2,1,0,0,27,14,4,24,11,1.36,7.71,3.46,4.64,4.71,0.2,0.2,999,4.72,0.32,0.88,sa913099
Blake Taylor,HOU,0,50,49,3,3,0,0,9,46,23,6,46,24,1.43,8.54,4.41,4.27,4.44,0.2,0.1,999,1.83,-0.45,0.54,16418
Justin Bruihl,LAD,0,22,22,1,1,0,0,3,20,10,3,20,7,1.27,8.22,3.07,3.96,3.93,0.2,0.2,999,2.28,0.6,1.07,23779
Wyatt Mills,SEA,0,15,17,1,0,0,0,1,15,8,2,18,6,1.26,9.7,3.22,4.17,3.58,0.2,0.1,999,2.55,-2.69,1.1,20010
Matt Strahm,BOS,1,41,46,2,3,1,0,5,46,22,7,43,12,1.28,8.37,2.39,4.36,4.2,0.2,0.3,999,3.23,-1.16,0.71,13799
Cody Ponce,,5,12,36,1,3,1,0,1,42,22,6,30,12,1.48,7.39,2.94,5.57,4.82,0.2,-0.2,999,5.23,-0.32,0.64,17920
Nick Margevicius,SEA,4,15,32,2,2,1,0,1,34,17,5,28,11,1.36,7.74,2.94,4.67,4.55,0.2,0.1,999,1.93,-0.46,0.8,20395
Cristopher Sánchez,PHI,0,18,24,1,1,0,0,1,22,11,3,24,13,1.46,9,4.76,4.16,4.21,0.2,0.1,999,1.81,-0.74,0.92,20778
Ryan Borucki,TOR,0,34,38,2,2,0,0,5,36,17,5,38,17,1.38,8.95,4.05,4.04,4.15,0.2,0.3,999,1.25,-0.19,0.77,16350
Simeon Woods Richardson,MIN,4,4,18,1,2,0,0,0,17,9,3,18,8,1.43,9.27,4.36,4.68,4.67,0.2,0.2,999,2.13,0.15,0.97,sa3008423
Johan Oviedo,STL,5,23,49,2,3,2,0,1,48,25,6,41,25,1.49,7.59,4.63,4.62,4.71,0.2,0.3,999,3.23,-0.87,0.56,22487
Andrew Vasquez,TOR,0,14,13,1,0,0,0,1,11,6,1,16,6,1.3,10.69,4.31,3.96,3.39,0.2,0.1,999,1.33,1.29,1.15,19482
José Ruiz,CHW,0,42,44,2,2,0,0,6,42,20,7,44,19,1.38,9.02,3.85,4.15,4.46,0.2,0.2,999,1.95,-0.33,0.71,14552
Wade LeBlanc,,8,8,40,3,2,2,0,0,44,23,7,27,13,1.41,6.11,2.9,5.16,5.24,0.2,0.1,999,2.93,0.39,0.61,5221
Manuel Rodríguez,CHC,0,42,43,3,3,0,1,5,40,22,5,43,22,1.47,9,4.74,4.63,4.4,0.2,-0.1,999,1.4,0.01,0.54,20794
Jordan Balazovic,,3,3,19,1,1,1,0,0,20,10,3,16,8,1.44,7.57,3.57,4.82,4.77,0.2,0.1,600.9,1.39,0.45,0.97,sa918017
Jalen Beeks,TBR,1,35,42,2,2,0,0,3,40,19,5,41,16,1.35,8.84,3.42,4.01,4.15,0.2,0.3,999,0.75,0.13,0.75,17192
José Álvarez,SFG,0,53,52,3,3,0,0,9,53,23,6,39,17,1.35,6.69,3.02,3.98,4.22,0.2,0.2,600.2,2.06,1.18,0.71,5358
Drew Smith,NYM,0,49,53,2,2,0,0,9,50,25,8,51,19,1.3,8.62,3.23,4.21,4.39,0.1,-0.1,999,1.81,0.92,0.62,17755
Joe Smith,MIN,0,51,50,3,3,0,0,7,51,25,7,42,13,1.28,7.62,2.32,4.48,4.27,0.1,0.1,999,2.05,-0.89,0.62,3281
Brandon Bielak,HOU,1,27,35,2,2,0,0,4,33,17,5,34,14,1.35,8.71,3.55,4.44,4.21,0.1,0,999,1.78,-0.74,0.75,19866
Jace Fry,WSN,0,25,26,1,1,0,0,2,23,13,3,27,14,1.41,9.22,4.78,4.3,4.09,0.1,0,999,1.03,-0.89,0.94,16159
Joan Adon,WSN,5,10,27,1,2,2,0,0,28,15,4,25,11,1.47,8.59,3.87,4.94,4.8,0.1,0.1,600.8,3.62,-1.93,0.81,22925
Griffin Jax,MIN,11,20,68,3,4,3,0,1,74,41,13,52,23,1.42,6.82,3.08,5.42,5.23,0.1,-0.1,600.8,3.51,-0.18,0.61,20253
Aníbal Sánchez,WSN,15,15,76,4,6,4,0,0,82,47,15,57,27,1.43,6.84,3.17,5.57,5.41,0.1,-0.1,597.4,2.9,0.26,0.8,3284
Emilio Pagán,SDP,0,60,59,3,2,0,6,15,52,29,11,65,18,1.18,9.77,2.68,4.36,4.47,0.1,-0.1,551.7,1.87,0.02,0.78,14771
Angel Zerpa,KCR,2,4,12,1,1,0,0,0,12,6,1,10,4,1.36,7.65,3.18,4.4,4.1,0.1,0.2,999,1.35,-1.1,1.14,22717
Victor González,LAD,0,17,18,1,1,0,0,5,17,8,2,18,7,1.34,8.89,3.52,3.98,3.79,0.1,0,999,0.97,0.99,1.07,16408
Ryne Nelson,ARI,4,9,24,1,1,2,0,0,26,15,4,26,12,1.59,10,4.38,5.85,4.69,0.1,-0.2,999,2.25,-1.65,0.68,sa3011524
Angel Perdomo,,0,28,28,2,1,0,0,3,22,13,4,37,17,1.43,12.21,5.63,4.38,4.06,0.1,0,999,1.69,-1.42,0.78,17759
David Robertson,CHC,0,49,51,3,2,0,2,10,46,23,7,57,20,1.28,10.02,3.54,3.98,4.23,0.1,0.3,581,2.24,0,0.67,8241
Dauri Moreta,CIN,0,49,50,3,2,0,0,6,49,26,9,49,15,1.29,8.86,2.76,4.6,4.41,0.1,0,600.5,3.23,1.42,0.58,21101
Kutter Crawford,BOS,3,12,20,1,2,1,0,1,19,10,3,21,7,1.32,9.38,3.11,4.75,4.39,0.1,0.2,999,1.93,-1.81,0.99,20531
Alex Lange,DET,0,41,45,2,3,0,0,6,44,23,5,45,22,1.47,8.93,4.36,4.51,4.29,0.1,0,999,2.45,-0.81,0.54,19883
Zack Littell,SFG,0,53,56,3,2,0,0,8,52,25,7,55,22,1.32,8.86,3.49,4.1,4.03,0.1,0.1,599.3,0.95,-2.34,0.55,15823
Jonathan Hernández,TEX,0,22,25,1,2,0,1,5,23,12,3,25,10,1.32,9.14,3.48,4.15,4.1,0.1,0.1,999,2.91,-2.39,0.96,17464
Ryan Feltner,,7,17,42,2,3,2,0,0,47,28,8,34,17,1.53,7.3,3.69,5.89,5.4,0.1,-0.1,999,3.83,-0.85,0.54,21446
Trevor Stephan,CLE,0,48,57,3,3,0,0,9,53,29,9,64,25,1.35,10.05,3.9,4.51,4.44,0.1,0.1,999,2.77,-0.72,0.39,19932
Touki Toussaint,,4,29,44,3,3,1,0,1,41,22,7,44,21,1.42,9.04,4.38,4.64,4.66,0.1,0.2,598.6,2.27,-1.4,0.52,16929
Seth Romero,WSN,1,14,17,1,1,0,0,1,16,8,2,17,7,1.35,9.33,3.9,4.47,4.2,0.1,0.1,999,1.84,-0.56,1.04,21333
Humberto Castellanos,ARI,6,9,33,1,2,2,0,0,34,18,6,24,9,1.34,6.72,2.6,5.06,5,0.1,0.1,999,3.96,1.35,0.81,21183
Dominic Leone,SFG,0,58,58,3,3,0,1,15,52,26,7,60,25,1.32,9.24,3.88,4.01,4.1,0.1,0.2,600.8,0.88,-0.44,0.57,13763
Kirby Yates,ATL,0,17,17,1,1,0,0,2,14,7,2,21,6,1.19,11.31,3.27,3.88,3.88,0.1,0.1,589.8,1.85,-1.4,1.13,9073
Miguel Castro,NYM,0,57,59,3,3,0,0,13,50,26,7,63,31,1.39,9.69,4.79,3.92,4.26,0.1,0.2,600.9,2.34,-0.56,0.6,15684
Matt Foster,CHW,0,28,29,2,1,0,0,3,28,15,5,30,10,1.31,9.2,3.03,4.5,4.37,0.1,0,999,1.92,0.47,0.86,19647
Nick Wittgren,STL,0,54,55,3,3,0,0,10,52,26,8,52,17,1.25,8.5,2.81,4.19,4.27,0.1,0.2,999,1.87,0.6,0.62,15594
Miguel Yajure,PIT,2,16,29,1,2,1,0,1,29,15,4,23,10,1.34,7.34,3.02,4.75,4.48,0.1,0,598.5,2.06,-0.41,0.9,21111
Anthony Castro,TOR,0,19,21,1,1,0,0,2,20,11,3,23,10,1.4,9.84,4.39,4.48,4.23,0.1,0,999,2.84,-2.32,0.95,19789
Jharel Cotton,MIN,0,36,41,2,2,0,0,8,39,20,6,41,18,1.39,9.03,3.88,4.44,4.51,0.1,0.1,600.8,1.34,-3.06,0.65,13654
Justin Wilson,CIN,0,57,55,3,3,0,0,9,52,29,8,54,26,1.42,8.82,4.3,4.7,4.65,0.1,0,999,1.42,-0.2,0.4,4301
Trey Wingenter,CIN,0,27,27,1,1,0,0,2,23,14,4,33,13,1.33,10.82,4.41,4.49,4.34,0.1,0,999,1.57,-0.22,0.86,17793
T.J. McFarland,STL,0,51,53,3,3,0,0,14,57,24,6,34,16,1.37,5.83,2.68,4.05,4.26,0.1,0.3,999,2.08,-1,0.7,3237
Wil Crowe,PIT,15,34,91,4,6,4,0,1,94,51,16,77,40,1.47,7.64,3.98,5.07,5.15,0.1,0,600.8,5.12,-0.6,0.85,19800
Ryan Helsley,STL,0,49,51,3,3,0,1,11,46,25,7,51,25,1.39,8.89,4.38,4.41,4.37,0.1,0.1,600.2,2.32,-0.75,0.47,18138
James Norwood,SDP,0,14,15,1,1,0,0,1,13,6,2,16,7,1.36,9.68,4.46,3.88,4,0.1,0.1,999,1.21,-1.03,1.13,16440
Jacob Barnes,DET,0,23,24,1,1,0,1,2,24,12,3,23,10,1.39,8.75,3.62,4.6,4.23,0.1,0,999,1.24,-0.27,0.94,12323
Andre Jackson,LAD,3,9,22,1,1,0,0,1,22,12,4,20,10,1.41,8.06,3.83,5.01,4.91,0.1,-0.1,600.9,1.58,-1.65,0.9,21298
Danny Coulombe,MIN,0,32,34,2,2,0,0,2,33,15,4,35,12,1.31,9.09,3.15,3.98,4.31,0.1,0.2,999,0.86,0.5,0.84,13293
Drew Pomeranz,SDP,0,27,29,1,1,0,1,5,25,12,4,34,13,1.32,10.56,4.16,3.62,4.13,0.1,0.2,582.3,2.88,1.63,0.99,11426
Darien Núñez,LAD,1,8,11,1,0,0,0,0,8,4,2,12,4,1.13,10.59,3.33,3.79,3.96,0.1,0.1,999,2.14,-2.59,1.22,21197
Kenta Maeda,MIN,1,1,6,0,0,1,0,0,5,3,1,6,2,1.19,9.14,2.61,4.09,3.95,0.1,0.1,600.7,3.12,1.58,1.26,18498
Nick Nelson,PHI,1,32,42,2,2,0,0,3,41,21,5,46,25,1.54,9.69,5.2,4.53,4.49,0.1,0,999,4.25,-1.03,0.58,20153
Evan Phillips,LAD,0,30,34,2,2,0,0,3,31,16,5,36,15,1.38,9.52,4.13,4.17,4.24,0.1,0.1,999,1.16,-0.67,0.78,17734
Tommy Nance,CHC,0,22,23,1,1,0,0,5,22,13,3,23,10,1.38,8.88,3.88,4.83,4.06,0.1,-0.2,999,2.08,-0.2,0.89,19178
Hans Crouse,,8,10,42,2,4,3,0,1,42,25,9,35,18,1.41,7.49,3.75,5.33,5.47,0.1,0,999,3.44,-0.67,0.57,22192
Kyle Funkhouser,DET,0,57,65,4,5,0,1,11,63,33,7,61,36,1.51,8.39,4.92,4.52,4.38,0.1,0,999,2.68,0.07,0.57,19456
David Phelps,TOR,0,22,23,1,1,0,0,4,20,10,3,27,9,1.28,10.57,3.38,4.04,4.15,0.1,0.2,999,0.86,-0.45,1,6316
John Brebbia,SFG,0,34,35,2,1,0,0,3,32,17,5,38,12,1.25,9.8,3.04,4.25,4.11,0.1,0,999,1.16,0.33,0.85,12777
Alex Colomé,COL,0,62,63,3,4,0,14,8,65,31,9,52,22,1.4,7.52,3.24,4.52,4.56,0.1,0.4,378,2.46,1.73,1.12,6661
Brandon Williamson,CIN,2,3,12,1,1,1,0,0,11,6,2,12,5,1.34,9.15,3.62,4.76,4.84,0.1,0.1,600.5,0.83,1.41,1.11,sa3011494
Jimmy Lambert,CHW,4,21,40,2,2,1,0,1,37,21,7,39,18,1.4,8.89,4.09,4.81,4.94,0.1,0.1,999,1.88,-2.74,0.58,19541
Ryan Sherriff,PHI,0,43,43,2,3,0,0,6,41,21,5,39,19,1.41,8.26,4.08,4.34,4.42,0.1,0.1,999,2.08,-1.05,0.64,12249
Wily Peralta,,7,28,64,3,4,2,0,2,66,33,9,45,28,1.47,6.28,3.94,4.59,5.07,0.1,0.3,600.8,3.17,-0.25,0.5,7738
Deivi García,NYY,8,8,37,2,3,2,0,0,38,24,8,34,17,1.47,8.13,4.15,5.71,5.57,0.1,-0.2,600.8,4.66,-1.55,0.56,20276
Clarke Schmidt,NYY,2,7,14,1,1,1,0,0,14,8,2,13,6,1.38,8.13,3.56,4.71,4.54,0.1,0.1,598.4,1.72,-1.58,1.08,19899
Alec Bettinger,,2,7,17,1,1,1,0,0,18,9,3,13,5,1.36,7.09,2.69,4.94,4.88,0.1,0,999,2,-2.93,1.06,20312
J.C. Mejía,MIL,4,38,59,3,3,1,0,3,59,33,9,53,25,1.44,8.14,3.9,4.99,4.69,0.1,-0.1,999,5.01,-1.63,0.39,20617
Connor Overton,CIN,2,7,13,0,1,0,0,0,13,6,2,10,4,1.32,7.35,2.53,4.54,4.64,0.1,0.1,999,1.82,-0.59,1.16,18376
Noé Ramirez,ARI,0,54,54,2,2,0,0,10,52,27,8,48,19,1.33,8.07,3.24,4.51,4.54,0.1,0.1,600.9,1.99,0.84,0.55,12800
José Castillo,SDP,0,8,8,0,0,0,0,1,6,3,1,10,3,1.22,11.7,3.76,3.07,3.49,0.1,0.1,999,1.51,1.83,1.28,17169
Thomas Hatch,TOR,1,21,28,2,2,0,0,1,28,14,5,26,10,1.37,8.28,3.26,4.55,4.64,0.1,0.2,999,2.57,-1.16,0.86,19264
Kent Emanuel,PHI,0,12,15,1,0,0,0,2,16,7,2,13,5,1.36,7.74,2.91,4.18,4.18,0.1,0,999,1.83,-0.01,1.13,15849
Adam Morgan,,0,46,43,2,2,0,1,9,40,20,6,47,18,1.33,9.67,3.66,4.19,4.42,0.1,0.1,999,1.88,-0.36,0.71,12580
Stephen Ridings,NYY,0,16,16,1,1,0,0,4,15,8,2,18,7,1.35,10.1,4.03,4.24,4.05,0.1,0.1,999,1.72,-1.47,1.08,22358
Oliver Drake,TBR,0,40,40,2,2,0,0,3,36,19,5,39,15,1.28,8.72,3.36,4.22,4.16,0.1,0.1,999,1.77,0.16,0.8,8823
Cole Hamels,,5,5,24,1,1,2,0,0,24,13,4,20,9,1.39,7.67,3.53,4.72,5.17,0.1,0.1,599.5,1.87,1.11,0.91,4972
Jandel Gustave,MIL,0,38,41,2,2,0,0,5,40,20,5,35,15,1.36,7.81,3.37,4.36,4.3,0.1,0.1,999,1.12,-0.53,0.74,14665
Nick Snyder,TEX,0,26,27,1,1,0,0,5,26,13,4,26,11,1.36,8.79,3.57,4.36,4.17,0.1,0.1,999,2.34,-1.01,0.92,23493
Luis Frías,ARI,0,16,19,1,1,0,0,2,18,10,2,19,8,1.38,8.97,3.85,4.49,4,0.1,-0.1,999,1.14,-0.16,1.03,21997
Bryan Abreu,HOU,0,24,27,2,1,0,0,5,24,13,3,30,16,1.46,10.07,5.29,4.18,4.28,0.1,0.1,999,1.15,-0.12,0.85,16609
Dan Straily,ARI,18,18,100,5,7,6,0,0,100,56,20,84,35,1.36,7.59,3.18,5.07,5.36,0.1,0.4,589.3,5.68,0.63,0.82,9460
Blake Parker,,0,53,53,3,3,0,0,2,50,26,8,50,20,1.32,8.58,3.38,4.45,4.56,0.1,0.1,999,1.52,2.02,0.53,5224
Jake Reed,NYM,0,26,28,1,1,0,0,2,27,13,4,26,10,1.36,8.58,3.3,4.4,4.18,0.1,-0.1,999,1.3,-0.57,0.94,16209
Rafael Montero,HOU,0,40,42,2,3,0,1,4,41,20,6,40,15,1.33,8.4,3.23,4.3,4.37,0.1,0.1,999,1.96,-0.5,0.71,12760
Conner Menez,CHC,1,8,14,1,1,0,0,0,16,8,2,13,7,1.65,8.47,4.76,5.25,4.51,0.1,-0.1,999,2.98,0.38,0.97,19199
Ben Bowden,COL,0,28,27,1,1,0,0,2,27,16,5,31,14,1.5,10.14,4.64,5.42,4.73,0.1,-0.1,999,2.17,-0.76,0.69,20198
Oliver Ortega,LAA,0,14,15,1,1,0,0,1,15,7,2,15,6,1.42,8.83,3.92,4.51,4.22,0.1,0,999,2.18,-1.12,1.06,21025
Chi Chi González,,10,11,52,2,3,1,0,0,62,33,9,32,19,1.55,5.6,3.3,5.79,5.33,0.1,-0.2,999,7.79,-0.84,0.61,14663
Janson Junk,LAA,4,4,21,1,1,1,0,0,22,12,4,16,8,1.44,6.8,3.35,5.11,5.21,0.1,0.1,999,5.12,-1.78,0.94,23301
Kyle Dohy,PHI,0,7,8,0,0,0,0,0,7,4,1,9,5,1.48,10.15,5.59,4.62,3.69,0.1,-0.1,999,1.22,-1.13,1.16,20334
Konnor Pilkington,CLE,0,14,25,2,2,0,0,1,23,12,3,25,10,1.33,8.91,3.66,4.33,4.24,0.1,0.1,999,2.4,-1.23,0.92,sa3008371
Jonathan Stiever,CHW,4,10,25,1,2,2,0,1,26,15,5,22,8,1.38,7.98,2.92,5.32,5.14,0.1,0,999,2.16,-1.55,0.85,24584
Juan Minaya,,0,33,36,2,2,0,0,5,34,17,5,37,17,1.41,9.19,4.13,4.3,4.34,0.1,0.1,999,2.29,1.94,0.75,10341
Daniel Norris,CHC,0,56,59,3,3,0,1,7,57,29,9,59,24,1.36,8.98,3.58,4.36,4.39,0.1,0.1,999,3.55,-0.23,0.45,13475
Tayler Saucedo,TOR,0,15,15,1,1,0,0,1,14,7,2,13,6,1.36,8.03,3.62,4.1,4.23,0.1,0.2,999,2.12,-2.24,1.12,17888
Sean Newcomb,ATL,0,33,35,2,1,0,0,4,32,17,4,39,17,1.39,9.87,4.32,4.19,4.32,0.1,0.1,600.1,2.92,-1.12,0.76,16943
Trent Thornton,TOR,1,27,32,1,1,0,0,2,32,16,5,31,11,1.34,8.66,3.21,4.52,4.57,0.1,0.2,999,2.16,-0.6,0.83,17948
Eduard Bazardo,BOS,0,10,12,0,0,0,0,1,11,6,2,11,4,1.34,8.6,3.12,4.58,4.18,0.1,0.1,999,0.78,-1.78,1.16,20997
Sean Doolittle,WSN,0,46,46,2,3,0,3,6,44,24,8,46,17,1.32,9.08,3.28,4.72,4.68,0.1,-0.1,598.5,1.7,-1.44,0.68,1581
Alexis Diaz,CIN,0,18,19,1,1,0,0,1,18,10,3,22,10,1.42,10.06,4.48,4.81,4.42,0.1,0,999,0.55,-1.13,0.94,sa875576
Nabil Crismatt,SDP,0,33,42,2,2,0,0,2,42,20,6,37,13,1.32,7.93,2.81,4.36,4.3,0.1,0,999,1.32,0.07,0.75,17732
Tommy Romero,TBR,2,4,10,1,1,1,0,0,9,5,2,10,3,1.28,9,3.12,4.58,4.49,0.1,0.1,598.7,1.68,1.55,1.17,sa3004469
Enyel De Los Santos,CLE,0,9,10,0,0,0,0,1,9,5,1,11,4,1.29,10,3.46,4.63,4.12,0.1,0.1,999,1.56,-1.57,1.19,18403
Hoby Milner,MIL,0,23,24,1,1,0,0,1,22,11,4,27,6,1.15,10.06,2.24,4,4.23,0.1,0.1,999,2.71,0.24,1.12,13346
Chris Ellis,,2,3,12,1,1,0,0,0,13,7,2,10,6,1.51,7.39,4.28,4.95,5.43,0.1,0.1,600.8,6.44,-0.86,1.08,16125
Cooper Criswell,LAA,3,4,10,0,2,0,0,0,12,6,2,8,3,1.4,6.95,2.42,5.22,4.85,0.1,0,999,1.89,-1.76,1.14,24975
Dany Jiménez,OAK,0,18,19,1,1,0,0,1,16,8,3,22,9,1.34,10.64,4.31,3.9,4.15,0.1,0.1,999,0.74,1.26,1.06,21170
Sean Hjelle,SFG,2,2,8,0,1,0,0,0,8,4,1,5,3,1.39,6.1,3.12,4.33,4.5,0.1,0.1,597,2.23,-1.16,1.22,sa3007989
Cody Poteet,MIA,1,18,22,1,2,0,0,1,22,11,3,20,9,1.4,8.27,3.6,4.66,4.56,0.1,0,999,2.43,-2.13,0.93,18769
Jesse Chavez,,1,52,56,3,3,1,0,7,56,26,9,53,18,1.32,8.52,2.91,4.23,4.44,0.1,0.2,999,2.51,-0.84,0.55,5448
Dillon Maples,,0,23,24,1,1,0,0,2,20,12,2,29,18,1.55,10.8,6.56,4.49,4.35,0.1,0,999,0.79,-1.08,0.81,14672
Spencer Patton,TEX,0,59,60,3,3,0,3,10,57,29,9,64,27,1.41,9.61,4.05,4.36,4.55,0.1,0.1,599,3.61,-0.9,0.5,12361
Jake Newberry,PHI,0,10,12,1,1,0,0,0,14,7,2,12,5,1.53,9.29,3.63,5.16,4.41,0.1,-0.1,999,1.16,0.67,1.05,15136
Mike Baumann,BAL,2,25,38,2,2,1,0,3,37,21,6,32,17,1.45,7.6,4.17,5.04,4.92,0.1,0,999,2.82,-2.18,0.6,20206
Keone Kela,ARI,0,23,24,1,1,0,0,2,22,11,4,26,9,1.27,9.86,3.26,4.08,4.27,0.1,0,999,0.88,0.5,0.99,14696
Luke Barker,MIL,0,10,10,1,1,0,0,1,9,5,1,10,3,1.26,9.09,2.89,4.23,4.04,0.1,0,999,1.77,2.65,1.19,sa977837
Jarlín García,SFG,0,58,61,3,3,0,1,14,57,27,8,55,20,1.27,8.16,2.89,3.94,4.16,0.1,0.3,600.8,2,1.31,0.62,18282
Anthony Bass,MIA,0,62,61,3,5,0,2,17,57,27,9,56,22,1.3,8.2,3.28,4.06,4.33,0.1,0.1,600.9,1.87,0.53,0.59,7982
Brandon Finnegan,CHW,2,9,12,1,1,0,0,0,12,7,2,11,7,1.57,8.22,5.04,4.92,4.8,0.1,0,999,6.38,-0.27,1.05,16208
Tommy Hunter,,0,36,38,2,2,0,0,4,38,17,5,31,11,1.28,7.36,2.58,4.07,4.35,0.1,0,999,2.5,1.46,0.9,1157
Yohan Ramirez,SEA,0,28,30,1,2,0,0,3,25,14,4,37,19,1.43,10.97,5.55,4.22,4.49,0.1,0,599.8,1.75,-0.13,0.82,19444
Alberto Baldonado,WSN,0,22,18,1,1,0,0,3,17,10,3,20,9,1.45,9.99,4.38,5.17,4.54,0.1,-0.1,999,3.57,-1.06,0.95,11812
Richard Rodríguez,,0,58,58,4,3,0,4,8,57,29,10,50,16,1.25,7.72,2.45,4.44,4.61,0.1,0.1,556.5,3.34,1.89,0.65,13549
Junior Fernández,STL,0,24,26,1,1,0,0,2,24,13,3,24,13,1.42,8.47,4.5,4.36,4.28,0.1,0,999,2.28,-1.97,0.9,18496
Peter Solomon,HOU,1,16,24,1,0,1,0,1,22,12,4,23,10,1.33,8.67,3.68,4.49,4.65,0.1,0.1,999,1.22,1.37,0.94,20476
Ryne Harper,,0,41,42,2,2,0,0,4,43,22,7,37,14,1.36,8.01,3.05,4.8,4.59,0.1,-0.1,999,1.8,-0.61,0.64,12680
Patrick Ruotolo,SFG,0,7,7,1,1,0,0,1,6,3,1,7,3,1.27,8.98,3.27,4.07,3.7,0.1,0.1,999,0.74,0.8,1.24,sa856262
Duane Underwood Jr.,PIT,0,52,61,2,3,0,0,11,63,31,9,55,24,1.42,8.04,3.53,4.61,4.44,0.1,-0.2,999,3.34,-0.77,0.43,14677
Logan Allen,CLE,4,28,51,2,4,2,0,2,54,28,8,42,21,1.47,7.38,3.72,4.94,4.74,0.1,0,600.8,3.58,-0.42,0.46,18555
Angel Rondón,STL,0,9,11,0,0,0,0,1,11,5,2,9,4,1.35,7.6,2.92,4.45,4.35,0.1,0,999,0.95,0.23,1.18,22036
Austin Pruitt,,0,19,21,1,1,0,0,1,22,10,3,17,6,1.3,7.18,2.36,4.42,4.32,0.1,0,999,0.69,0.13,1.05,15290
Mychal Givens,CHC,0,59,59,3,3,0,7,13,52,28,9,66,27,1.33,10.01,4.11,4.3,4.45,0.1,0.1,549.7,1.6,-0.98,0.67,10430
Austin Voth,WSN,1,51,60,3,3,0,0,10,60,32,11,58,22,1.37,8.71,3.34,4.84,4.71,0,-0.2,600.4,2.83,-0.42,0.37,15047
Dillon Peters,PIT,12,43,90,4,5,5,0,2,93,46,15,76,32,1.39,7.63,3.25,4.59,5.13,0,0.4,600.7,3.16,-0.91,0.43,18790
Anthony Kay,TOR,1,11,19,1,1,0,0,1,18,10,3,19,9,1.4,9.13,4.11,4.59,4.54,0,0.1,999,2.71,-2.43,0.98,20387
Hunter Strickland,CIN,0,57,57,3,3,0,0,3,54,28,9,53,22,1.34,8.47,3.48,4.5,4.88,0,0.1,599.9,1.98,1.24,0.45,7836
Darren O'Day,ATL,0,16,16,1,0,0,0,3,15,7,2,17,6,1.3,9.59,3.24,4.04,4.44,0,0.1,999,1.09,-0.23,1.08,3321
Kohl Stewart,,1,6,8,0,0,0,0,1,9,5,1,7,4,1.48,7.45,3.81,5.08,4.43,0,0,999,3.47,-1.38,1.15,15502
Taylor Widener,ARI,3,45,57,2,3,1,0,6,55,31,10,58,25,1.39,9.11,3.91,4.82,4.68,0,0,600.5,3.16,-1.65,0.4,19266
Michael Feliz,BOS,0,25,25,1,1,0,1,3,25,14,4,27,10,1.4,9.59,3.61,5.2,4.55,0,-0.1,999,1.12,-1.43,0.83,11903
Jake Latz,TEX,2,3,9,0,1,0,0,0,9,5,2,8,4,1.41,8.44,3.89,4.81,5.13,0,0.1,999,3.4,-2.84,1.18,21306
Ethan Roberts,CHC,0,8,9,0,1,0,0,1,9,4,1,8,3,1.37,8.11,3.43,4.42,4.12,0,0,999,1.1,0.57,1.19,sa3008132
Jeff Hoffman,CIN,1,52,61,3,3,0,1,7,58,32,10,65,29,1.42,9.62,4.21,4.73,4.79,0,0,999,3.77,-0.87,0.37,17432
Michael Rucker,CHC,0,27,32,1,1,0,0,3,33,17,5,31,10,1.35,8.65,2.91,4.72,4.34,0,-0.1,999,3.06,-0.26,0.82,19454
Braxton Garrett,,2,10,18,1,1,1,0,0,18,9,3,16,8,1.39,7.9,3.8,4.5,4.6,0,0,999,1.99,-1.86,1.02,21844
Keegan Thompson,CHC,5,38,60,3,4,1,0,2,59,32,10,56,28,1.44,8.41,4.12,4.73,4.84,0,0.1,999,1.08,-1.01,0.37,19795
Sam Clay,WSN,0,19,18,1,1,0,0,5,19,9,2,14,9,1.53,7.11,4.26,4.53,4.32,0,0,999,2.04,-2.76,1.01,16279
Yoan López,MIA,0,21,20,1,1,0,0,3,20,11,3,19,8,1.39,8.18,3.58,4.65,4.64,0,0,999,1.39,-1.67,0.99,17181
Ty Blach,COL,3,3,13,0,1,1,0,0,16,8,2,7,4,1.58,4.92,3.02,6,5.57,0,0,999,4.19,-3.01,1.04,14361
Jose Marte,LAA,0,9,10,0,1,0,0,0,9,5,1,10,5,1.49,9.62,5.04,4.87,4.51,0,0,999,3.11,-2.12,1.13,21761
Asher Wojciechowski,SEA,3,3,15,0,1,0,0,0,15,8,3,14,6,1.42,8.41,3.39,5.16,5.34,0,0,999,1.74,-2.22,1.05,10836
Ryan Mason,MIN,0,18,18,1,1,0,0,1,18,10,2,17,7,1.4,8.19,3.54,4.77,4.39,0,0,999,1.58,-0.44,1.01,sa856254
Blake Weiman,PIT,0,15,16,1,1,0,0,1,16,8,2,13,6,1.38,7.79,3.25,4.58,4.33,0,-0.1,999,2.24,-0.69,1.08,sa3004211
César Valdez,,0,13,15,1,1,0,1,1,16,8,2,13,4,1.29,7.6,2.36,4.42,4.36,0,0,600.3,0.58,0.84,1.12,9013
Steven Brault,,9,25,58,3,4,2,0,1,59,33,9,45,27,1.48,7,4.12,5.02,5.07,0,0,600.9,1.99,-0.63,0.45,15291
Tyler Kinley,COL,0,58,58,2,3,0,0,11,57,33,10,57,27,1.45,8.95,4.25,5.21,4.84,0,-0.1,999,1.85,-0.19,0.46,18297
Nick Tropeano,,1,3,9,0,0,0,0,0,9,4,1,7,4,1.51,7.53,4.02,4.6,5.06,0,0.1,999,2.11,-0.39,1.17,12385
Rafael Dolis,,0,49,46,3,3,0,2,4,41,23,6,50,27,1.48,9.71,5.21,4.45,4.53,0,0.1,999,0.96,0.61,0.56,4185
John Gant,,1,3,8,0,1,0,0,0,8,4,1,7,4,1.46,7.43,4.7,4.38,4.8,0,0.1,600.8,1.74,2.21,1.19,13684
Brad Brach,ATL,0,33,32,2,2,0,0,4,32,17,5,33,17,1.49,9.17,4.62,4.64,4.66,0,0,999,1.39,-2.27,0.68,6627
Taylor Clarke,KCR,1,34,42,2,2,0,0,5,43,22,6,36,15,1.4,7.66,3.24,4.73,4.57,0,0,999,1.33,-1.38,0.62,17611
Jordan Yamamoto,,1,13,17,1,1,0,0,1,17,9,3,16,6,1.37,8.07,3.34,4.89,4.65,0,-0.1,999,3.24,-2.24,1.01,17585
Scott Oberg,COL,0,10,10,1,1,0,0,1,10,5,1,9,4,1.4,8.3,3.42,4.38,4.51,0,0.1,999,1.01,-0.42,1.16,13911
Sean Reid-Foley,NYM,0,29,35,2,2,0,0,2,31,17,5,40,19,1.41,10.07,4.72,4.33,4.36,0,-0.1,999,1.62,-1.47,0.71,17034
Steve Cishek,WSN,0,56,55,2,2,0,2,15,54,28,7,49,27,1.47,8.1,4.41,4.68,4.67,0,-0.1,595.3,2.1,-0.91,0.57,6483
Julian Fernández,COL,0,24,24,1,1,0,0,2,26,15,4,22,11,1.49,8.03,3.94,5.38,4.81,0,-0.1,598.7,2.17,0.18,0.8,18341
Fernando Abad,,0,34,34,1,2,0,0,5,35,17,5,27,11,1.37,7.29,2.93,4.64,4.7,0,0,999,3.91,-2.19,0.8,4994
Brock Burke,TEX,0,6,9,0,0,0,0,0,9,4,1,8,3,1.37,8.77,3.18,4.54,4.27,0,0,999,2.63,-0.37,1.2,17968
Ryan Burr,CHW,0,38,40,2,2,0,0,6,38,19,5,37,19,1.45,8.3,4.39,4.24,4.55,0,0.2,999,1.91,-0.47,0.71,17536
Jhon Romero,MIN,0,14,14,1,1,0,0,1,15,7,2,13,4,1.32,7.99,2.64,4.65,4.34,0,0,999,0.96,-0.83,1.12,19940
James McArthur,PHI,2,2,9,0,1,0,0,0,9,5,2,7,4,1.46,7.06,3.64,5.09,5.36,0,0.1,999,2.9,-2.16,1.17,sa3007715
Víctor Arano,WSN,0,7,8,0,0,0,0,0,6,3,1,8,3,1.21,9.38,3.21,4.12,4.31,0,0,999,0.48,-0.19,1.26,15915
Nick Anderson,TBR,0,15,15,1,1,0,0,1,13,6,3,15,4,1.19,9.19,2.71,3.81,4.33,0,0.1,599.3,1.39,0.6,1.17,18337
Ian Gibaut,CLE,0,20,22,1,1,0,0,3,23,12,3,21,11,1.53,8.61,4.36,4.66,4.54,0,-0.1,999,6.46,-1.33,0.91,17871
Caleb Smith,ARI,2,51,69,3,4,1,0,6,62,36,12,74,32,1.36,9.69,4.16,4.72,4.78,0,0,592.3,2.02,0.12,0.31,14875
Devin Sweet,SEA,0,6,7,0,0,0,0,0,7,3,1,7,2,1.32,8.83,3.13,4.57,4.13,0,0,999,1.08,-1.75,1.22,sa3008340
Isaac Mattson,BAL,0,21,23,1,1,0,0,2,22,12,4,22,11,1.43,8.62,4.19,4.8,4.67,0,0,999,2.72,-1.56,0.91,20385
Tanner Anderson,,1,3,6,0,0,0,0,0,7,4,1,4,2,1.5,5.68,3.34,5.4,4.71,0,0,999,4.26,-1.52,1.21,18029
Dennis Santana,TEX,0,45,48,2,3,0,0,5,46,25,6,46,24,1.46,8.64,4.55,4.65,4.46,0,-0.1,999,2.51,-0.92,0.51,17878
Tyler Johnson,CHW,0,6,6,0,0,0,0,1,6,3,1,6,3,1.49,9,4.56,4.56,4.33,0,0,999,1.24,-1.77,1.23,sa915688
Dylan Lee,ATL,0,11,12,1,0,0,0,1,12,6,2,12,4,1.27,8.86,2.73,4.37,4.24,0,0.1,999,1.56,0.49,1.16,19996
Sam Moll,OAK,0,48,51,1,1,0,0,4,48,24,6,48,24,1.42,8.62,4.27,4.18,4.31,0,0.1,999,2.42,-0.3,0.68,14874
Brooks Wilson,,0,7,7,0,0,0,0,1,7,4,1,7,3,1.38,8.85,3.69,4.5,4.22,0,0,999,1.77,-0.38,1.21,sa3006966
Justin Anderson,TEX,0,27,28,1,1,0,0,2,26,14,4,30,15,1.46,9.65,4.82,4.52,4.48,0,0,999,1.19,-1.61,0.82,16201
Joey Krehbiel,BAL,0,40,43,2,2,0,0,6,44,24,8,41,17,1.42,8.53,3.64,4.99,4.88,0,-0.2,999,3.05,-0.96,0.57,13707
Bryan Baker,BAL,0,10,10,1,1,0,0,1,10,5,2,10,5,1.47,9.12,4.72,4.73,4.87,0,0,999,1.5,-2.39,1.12,19804
Seth Martinez,HOU,0,9,9,1,1,0,0,0,8,4,1,9,4,1.33,8.55,3.68,4.39,4.52,0,0,999,1.3,-1.77,1.18,21045
Adonis Medina,PIT,0,4,9,0,1,0,0,0,10,5,1,8,4,1.46,7.27,3.63,4.97,4.53,0,-0.1,999,3.11,-2.13,1.15,19903
Hirokazu Sawamura,BOS,0,56,57,3,2,0,0,13,52,27,8,63,30,1.45,9.99,4.77,4.24,4.51,0,0.4,589.6,2.05,-0.19,0.47,27515
Sam Selman,OAK,0,29,30,1,1,0,0,2,27,15,4,30,15,1.42,9.03,4.67,4.62,4.59,0,-0.1,999,1.83,-0.44,0.82,13397
Shaun Anderson,TOR,0,7,10,0,0,0,0,0,11,6,2,9,4,1.44,7.97,3.33,5.18,4.56,0,-0.1,999,3.54,-0.46,1.13,19453
Reiss Knehr,SDP,2,5,14,1,1,0,0,0,13,8,2,10,6,1.37,6.55,4.06,4.92,5,0,0,999,4.75,-1.41,1.09,21541
Jacob Webb,ATL,0,33,33,2,2,0,0,4,32,17,5,33,13,1.37,8.87,3.61,4.52,4.36,0,0,999,1.36,0.83,0.73,19274
Ryan Weber,NYY,1,5,15,1,1,0,0,0,16,8,3,12,3,1.34,7.24,1.93,4.66,4.96,0,0.1,999,1.53,-1.12,1.11,10160
Ryan Weiss,,0,9,10,1,1,0,0,1,10,5,1,9,4,1.36,8.11,3.18,4.5,4.32,0,0,999,1.04,2.94,1.17,sa3007778
Mason Thompson,WSN,0,30,30,1,2,0,0,6,30,16,4,27,15,1.52,8.33,4.52,4.84,4.77,0,-0.1,999,3.09,-1.87,0.73,21850
Brent Honeywell Jr.,OAK,4,40,53,2,3,0,0,4,54,27,9,46,17,1.34,7.76,2.93,4.6,4.64,0,0,597.3,2.93,0.05,0.53,16466
Alan Rangel,,1,3,7,1,1,0,0,0,7,4,1,6,2,1.41,7.97,2.96,4.84,4.93,0,0,999,0.95,-0.84,1.2,sa877578
Kohei Arihara,TEX,4,4,22,1,2,1,0,0,23,13,4,15,7,1.4,6.45,2.79,5.27,5.34,0,0,999,1.98,-2.35,0.93,27505
Ray Kerr,SDP,0,10,11,1,1,0,0,1,11,5,1,11,6,1.48,8.92,4.54,4.24,4.36,0,0,999,3.13,-3.01,1.12,sa3005362
Nic Enright,CLE,0,5,6,0,0,0,0,0,5,3,1,6,2,1.33,9.3,3.5,4.43,4.28,0,0,999,1.09,-0.99,1.25,sa3010299
Sergio Romo,SEA,0,59,58,2,2,0,1,9,56,30,10,55,20,1.32,8.59,3.14,4.72,4.55,0,-0.2,600.5,1.48,1.42,0.51,9817
Aaron Sanchez,WSN,7,14,42,2,3,1,0,0,46,26,6,28,19,1.55,6.01,4.08,5.51,5.35,0,-0.1,600.6,4.24,-0.72,0.57,11490
Damon Jones,PHI,0,19,13,1,1,0,0,2,12,7,1,14,9,1.67,9.49,6.43,4.56,4.49,0,0,999,6.08,-1.23,1.03,23310
Edgar Santana,,0,12,12,1,0,0,0,1,12,5,2,10,3,1.24,7.28,2.37,3.56,4.59,0,0.2,999,2.29,0.63,1.23,17355
Humberto Mejía,,4,7,21,1,2,1,0,0,22,13,4,17,7,1.42,7.27,3.14,5.5,5.21,0,-0.1,999,1.3,-0.89,0.92,20739
Jonathan Holder,CHC,0,22,25,1,1,0,0,3,25,13,4,21,8,1.33,7.58,2.93,4.69,4.52,0,0,999,1.08,-0.19,0.93,16588
Mitchell Stumpo,ARI,0,5,5,0,0,0,0,0,5,3,1,5,2,1.39,8.4,3.62,4.29,4.25,0,0,999,0.36,-0.73,1.25,sa3011585
Brody Koerner,,0,6,12,0,1,0,0,0,14,7,2,9,4,1.49,6.46,3.21,4.78,4.46,0,0,999,3.83,-1.61,1.12,17748
Blake Cederlind,PIT,0,15,16,1,1,0,0,1,15,8,2,15,7,1.42,8.6,4.26,4.44,4.48,0,0.1,999,1.61,-1.62,1.07,20344
Alex Faedo,,1,5,7,0,0,0,0,1,7,4,1,7,2,1.27,8.66,2.56,4.64,4.93,0,0,999,1.3,-0.66,1.23,sa829855
Graham Ashcraft,CIN,1,7,11,0,1,1,0,1,10,5,2,10,5,1.42,8.38,3.92,4.58,5.09,0,0.1,999,2.42,-1.37,1.15,sa918274
Shawn Armstrong,,0,7,8,0,0,0,0,1,7,4,1,8,3,1.23,9.43,3.27,4.4,4.32,0,0,999,1.16,1.67,1.24,12857
Edwin Uceta,ARI,0,10,12,0,1,0,0,1,12,6,2,13,5,1.39,9.36,3.82,4.54,4.61,0,0,999,1.2,-2.39,1.13,20539
Daniel Ponce de Leon,,1,15,17,1,1,0,0,0,15,9,3,17,9,1.46,8.87,4.83,4.98,4.97,0,0,600.7,2.32,-1.68,0.99,16110
Forrest Whitley,HOU,1,2,8,0,0,0,0,0,8,5,1,9,5,1.56,9.5,5.48,5.12,5.19,0,0,999,3.58,-2.54,1.13,sa917930
Matt Shoemaker,,11,11,53,3,4,4,0,0,54,31,9,38,18,1.37,6.55,3.07,5.24,5.29,0,0,999,2.17,-0.32,0.53,4776
Jimmy Cordero,NYY,0,8,7,0,0,0,0,1,7,4,1,6,3,1.39,7.68,3.82,4.6,4.52,0,0,999,2.07,1.19,1.21,15690
Connor Seabold,,3,5,16,1,1,1,0,0,17,10,3,12,6,1.41,6.76,3.27,5.4,5.17,0,0,999,1.9,-0.64,1.01,19695
Cam Bedrosian,PHI,0,20,20,1,1,0,0,2,20,11,3,19,9,1.41,8.33,3.84,4.63,4.85,0,0,999,1.5,-0.27,0.98,13360
Chaz Roe,,0,41,39,2,1,0,0,6,36,18,4,43,18,1.37,9.92,4.03,4.19,4.23,0,0,999,0.99,-1.23,0.68,9866
Yennier Cano,MIN,0,6,6,0,0,0,0,0,6,3,1,6,3,1.48,8.44,4.61,4.58,4.46,0,-0.1,999,2.39,-1.89,1.21,sa3011688
Nick Mikolajchak,CLE,0,10,10,1,1,0,0,1,10,5,2,11,4,1.33,9.22,3.34,4.38,4.45,0,0,999,0.65,-0.84,1.16,sa3010303
Marcos Diplán,BAL,0,15,17,1,1,0,0,2,17,9,3,16,9,1.52,8.14,4.82,4.77,4.9,0,0,999,2.34,-0.04,1,17583
T.J. Zeuch,STL,1,18,24,1,1,0,0,1,26,12,3,17,8,1.39,6.11,3,4.4,4.65,0,0.1,999,2.87,-2.64,0.97,19269
Brian Howard,OAK,1,3,6,0,0,0,0,0,7,3,1,4,2,1.47,6.59,2.9,5.11,5,0,0,999,3.17,-2.05,1.22,sa918377
Jimmy Herget,LAA,0,35,37,2,2,0,0,5,36,19,6,36,15,1.38,8.78,3.73,4.61,4.57,0,0,999,1.62,0.54,0.67,17556
Jake Walsh,STL,0,9,10,0,1,0,0,1,9,5,1,10,4,1.38,8.83,3.89,4.23,4.52,0,0,999,0.97,-1.39,1.18,sa3004457
Ryan Brasier,BOS,0,57,59,3,3,0,1,15,59,30,9,55,21,1.35,8.38,3.23,4.47,4.41,0,0.2,601,1.55,-0.81,0.43,5615
Jake Woodford,STL,7,34,67,3,4,1,0,2,69,36,10,48,27,1.43,6.41,3.59,4.85,4.98,0,0.1,599.5,2.72,-1.3,0.42,18674
Garrett Cleavinger,LAD,0,14,13,1,1,0,0,1,11,6,2,15,7,1.38,10.68,4.77,4.31,4.46,0,0,999,1.51,-0.07,1.1,17897
Justin Topa,MIL,0,14,15,1,1,0,0,1,16,9,3,13,5,1.37,7.71,2.9,5.16,4.77,0,-0.1,999,1.97,-1.31,1.05,15145
Rex Brothers,MIL,0,21,21,1,1,0,0,4,17,11,3,29,13,1.44,12.07,5.68,4.47,4.47,0,-0.1,999,1.91,-1.2,0.9,9794
Tyler Zuber,KCR,0,26,26,1,2,0,0,3,24,13,4,26,14,1.45,9.16,4.79,4.62,4.68,0,0.1,999,0.96,-1.51,0.85,20379
Dylan File,,1,6,10,1,1,0,0,1,11,6,2,8,3,1.36,7.15,2.66,4.91,5.03,0,0,999,1.63,-1.65,1.14,sa3004197
Alex Claudio,NYM,0,32,32,1,1,0,0,3,33,15,4,25,11,1.37,7.08,3.09,4.15,4.34,0,0,999,1.19,-0.54,0.9,12890
Brandon Kintzler,,0,41,41,2,2,0,2,3,45,21,6,30,13,1.42,6.56,2.91,4.67,4.59,0,-0.1,999,1.83,0.84,0.73,9939
Reyes Moronta,LAD,0,8,8,0,0,0,0,2,6,4,1,7,4,1.35,8.77,5.09,4.9,4.77,0,-0.1,999,1.18,0.52,1.19,14966
Alexander Vizcaíno,,0,6,9,0,0,0,0,1,9,5,1,9,4,1.43,8.93,4.05,5.31,4.57,0,-0.1,999,4.51,-1.72,1.14,sa920272
Roel Ramírez,,0,12,7,0,0,0,0,0,7,4,1,6,3,1.5,7.96,4.22,4.8,4.36,0,-0.1,999,1.46,0.24,1.2,16470
Aaron Fletcher,PIT,0,18,19,1,1,0,0,1,19,9,2,14,7,1.41,6.88,3.25,4.6,4.46,0,0,999,1.4,-1.94,1.02,22052
Kyle Crick,CHW,0,11,10,1,1,0,0,1,10,6,1,10,5,1.46,8.71,4.57,4.96,4.78,0,-0.1,999,0.5,-1.73,1.11,13182
Ian Krol,,0,21,23,0,1,0,0,1,23,12,3,23,10,1.44,8.92,3.98,4.54,4.49,0,0,999,2.38,0.25,0.97,10066
Robert Broom,CLE,0,8,8,0,0,0,0,0,8,4,1,7,4,1.43,8.25,4.09,4.63,4.56,0,0,999,1.78,-1.72,1.19,sa3007235
Jake Jewell,CLE,0,13,13,1,1,0,0,0,13,7,2,12,5,1.4,8.11,3.7,4.62,4.55,0,0,999,1.39,-3.4,1.11,16958
Elvin Rodriguez,,0,8,9,0,0,0,0,1,9,5,1,8,3,1.4,8.15,3.33,4.81,4.62,0,0,999,5.27,-2.44,1.18,sa873437
Robert Stephenson,COL,0,61,62,3,3,0,3,10,59,33,11,69,27,1.38,9.94,3.85,4.82,4.72,0,0.2,590.5,2.64,0.01,0.48,13594
Daniel Mengden,,1,2,7,0,1,1,0,0,7,4,1,4,2,1.45,5.99,2.89,5.5,5.28,0,0,999,0.74,0.12,1.2,16980
José Ureña,,15,17,77,4,5,4,0,0,85,44,12,53,30,1.5,6.17,3.52,5.18,5.46,0,0.2,999,2.95,-0.4,0.72,11589
Ryan Hendrix,CIN,0,36,36,3,2,0,0,4,36,19,6,38,18,1.46,9.44,4.34,4.79,4.68,0,-0.1,999,0.7,-1.71,0.56,19535
Tyler Ivey,,1,4,7,0,0,0,0,1,7,4,1,7,3,1.42,8.89,4.15,4.53,5.1,0,0,999,2.32,-1.12,1.21,20237
Bowden Francis,TOR,2,5,11,1,1,1,0,0,11,7,2,10,5,1.4,7.85,3.64,5.29,5.32,0,0,999,1.77,-2.32,1.1,sa918451
Daniel Duarte,CIN,0,9,10,1,1,0,0,1,10,6,1,9,5,1.5,8.45,4.4,5.1,4.84,0,0,999,1.24,-1.62,1.11,sa877364
Nick Vincent,,0,15,17,1,1,0,0,1,19,8,3,16,6,1.41,8.15,3.06,4.12,4.83,0,0,999,1.57,-0.03,1.1,7555
Jake Faria,MIN,0,12,13,1,1,0,0,1,13,7,2,12,5,1.44,8.58,3.77,4.68,4.7,0,0,999,2.46,-1.93,1.09,13699
Logan Gillaspie,BAL,0,7,8,1,1,0,0,1,8,4,1,6,3,1.42,7.32,3.48,4.68,5,0,0,999,1.26,-2.73,1.18,sa3008386
Enoli Paredes,HOU,0,11,10,0,0,0,0,2,9,5,1,12,6,1.52,10.48,5.64,4.5,4.67,0,0,999,2.13,-1.13,1.13,20447
Justin Lawrence,COL,0,37,36,3,3,0,0,4,40,23,5,32,20,1.63,7.87,4.9,5.8,4.76,0,-0.4,999,3.79,-1.88,0.53,17639
Andrew Albers,,1,3,9,1,1,0,0,0,12,5,2,7,2,1.52,6.46,2.14,5.25,5.56,0,0,999,1.74,-1.26,1.13,7853
Kevin Ginkel,ARI,0,8,7,0,0,0,0,1,7,4,1,8,3,1.33,9.83,3.89,4.9,4.58,0,0,999,1.65,-0.94,1.21,19876
Lucas Gilbreath,COL,0,49,51,2,3,0,0,6,52,29,7,48,26,1.53,8.57,4.6,5.24,4.78,0,-0.1,596.4,3.13,-0.93,0.48,21290
Joey Wentz,,2,2,10,0,1,1,0,0,11,6,2,8,5,1.6,7.22,4.58,5.77,5.66,0,0,999,5.14,-2.46,1.08,sa917946
Corbin Martin,ARI,7,7,37,2,3,2,0,0,39,23,7,31,19,1.56,7.49,4.53,5.6,5.4,0,-0.1,600.2,2.49,-2.42,0.57,19884
Demarcus Evans,,0,39,40,1,2,0,0,3,36,21,6,46,23,1.46,10.36,5.12,4.64,4.62,0,-0.1,600.6,1.82,0.49,0.62,21087
Eric Yardley,CHC,0,18,19,1,0,0,0,0,21,9,2,11,6,1.43,5.11,2.8,4.14,4.53,0,0.1,999,1.87,-1.63,1.07,15538
Ramón Rosso,,0,7,8,0,0,0,0,1,9,5,1,8,4,1.55,8.45,4.65,4.86,4.78,0,-0.1,999,4.13,-0.46,1.17,20368
Matthew Festa,SEA,0,14,15,1,1,0,0,1,14,7,2,14,5,1.33,8.74,3.27,4.5,4.54,0,0,999,1.01,-1.75,1.1,19330
Greg Holland,TEX,0,40,39,2,2,0,3,7,37,20,6,39,20,1.43,8.95,4.51,4.47,4.57,0,0,600.2,2.03,2.58,0.7,7196
Joey Gerber,,0,8,8,1,1,0,0,1,8,4,1,8,4,1.44,8.53,4.11,4.62,4.62,0,-0.1,999,0.95,0.1,1.17,24591
Ross Detwiler,,0,44,45,2,2,0,0,3,44,22,7,43,16,1.36,8.79,3.26,4.49,4.56,0,-0.1,999,2.39,-0.91,0.59,2859
Trevor Hildenberger,SFG,0,8,8,0,0,0,0,1,8,4,1,8,3,1.37,8.27,3.32,4.72,4.39,0,-0.1,999,2.13,-1.92,1.19,17002
Jake Petricka,,0,12,13,1,1,0,0,0,14,7,2,11,5,1.48,7.76,3.37,4.88,4.7,0,0,999,1.46,-1.69,1.06,10534
Brett de Geus,ARI,0,19,19,1,1,0,0,2,21,11,2,16,10,1.59,7.51,4.62,5.36,4.47,0,-0.2,999,3.82,0.17,0.85,23592
Dellin Betances,,0,32,31,1,2,0,0,4,27,16,4,34,16,1.36,9.76,4.47,4.62,4.38,0,-0.3,999,1.75,-1.09,0.79,6216
Gerardo Carrillo,WSN,0,5,6,0,0,0,0,0,6,3,1,5,3,1.5,7.72,4.43,4.74,4.88,0,-0.1,999,4.53,-2.39,1.22,sa3002790
Thomas Eshelman,,3,5,15,1,1,0,0,0,18,10,3,7,4,1.51,4.49,2.52,5.72,6.07,0,0,999,4.48,-1.31,1.01,18361
Matt Bowman,NYY,0,7,7,0,0,0,0,0,7,3,1,6,3,1.45,7.68,3.69,4.57,4.91,0,0,999,1.27,-2.02,1.22,13528
Oliver Pérez,ARI,0,24,22,1,2,0,0,2,22,10,3,21,8,1.32,8.27,3.07,3.91,4.5,0,0.1,999,0.94,1.14,1.06,1514
Jacques Pucheu,CIN,0,5,6,0,0,0,0,0,7,4,1,6,3,1.56,8.13,4.68,5.3,5.06,0,-0.1,999,5.66,-0.55,1.18,sa3010631
Roenis Elías,SEA,0,6,6,0,0,0,0,0,6,3,1,5,2,1.41,8.26,3.74,4.52,4.75,0,0,999,0.4,-2.2,1.22,12673
Jace Vines,KCR,0,18,19,1,1,0,0,1,20,10,2,15,8,1.49,7.15,3.98,4.72,4.59,0,0,999,2.07,-2.44,0.97,sa917985
Carlos Martínez,,5,26,50,3,4,2,1,1,50,26,6,39,21,1.41,7.03,3.71,4.7,4.84,0,0,596,1.99,-2.79,0.51,11682
Hunter Stratton,PIT,0,7,7,0,0,0,0,1,7,4,1,7,4,1.54,8.87,5.29,4.89,4.83,0,0,999,2.72,-1.25,1.18,sa3004216
Robert Dugger,TBR,1,5,12,0,1,1,0,0,13,7,2,10,4,1.44,7.06,3.14,5.28,5.02,0,-0.1,999,2.76,-1.61,1.09,19191
Jimmy Yacabonis,,0,6,7,0,0,0,0,0,7,4,1,6,3,1.49,7.74,4.22,4.92,4.71,0,0,999,3.42,-1.22,1.19,15157
Kaleb Ort,BOS,0,17,6,0,0,0,0,2,6,3,1,6,4,1.57,9.26,5.34,4.62,4.77,0,0,999,2.53,-1.71,1.2,20061
Trevor Gott,MIL,0,41,41,2,2,0,0,7,38,22,7,40,17,1.36,8.81,3.71,4.85,4.64,0,-0.2,598.6,2.32,-1.86,0.61,15046
Félix Peña,NYM,0,11,11,1,1,0,0,1,11,6,2,10,4,1.41,8.08,3.41,4.78,4.54,0,-0.1,999,1.75,-2.46,1.13,13403
Tony Watson,,0,60,58,4,4,0,0,10,55,26,8,49,17,1.24,7.57,2.64,4.12,4.34,0,0.1,999,1.52,-0.14,0.63,3132
Grant Dayton,,0,6,6,0,0,0,0,0,6,3,1,7,2,1.35,9.76,3.58,4.54,4.85,0,0,999,1.94,0.57,1.23,11203
Nick Mears,PIT,0,36,35,2,2,0,0,5,33,19,5,36,17,1.44,9.23,4.45,4.83,4.59,0,-0.2,999,1.74,-0.87,0.65,25376
Austin Brice,,0,14,14,1,1,0,0,1,14,8,2,13,6,1.39,7.98,3.66,4.84,4.82,0,-0.1,999,1.28,-2.05,1.08,17237
Thomas Szapucki,,1,2,6,0,0,0,0,0,6,4,1,5,3,1.55,8.15,4.8,5.21,5.5,0,-0.1,999,2.47,-2.08,1.2,21065
Kyle Barraclough,,0,20,23,2,1,0,1,1,19,13,4,29,13,1.38,11.08,5.19,4.88,4.74,0,-0.1,999,2.9,0.1,0.8,13713
Beau Burrows,LAD,1,3,7,0,1,0,0,0,8,5,2,6,3,1.54,7.58,3.99,6.01,5.61,0,-0.1,999,3.75,-0.9,1.15,18873
Collin Snider,KCR,0,17,17,1,1,0,0,1,18,9,2,13,6,1.42,6.6,3.11,4.94,4.64,0,0,999,2.21,-2.6,1.03,sa3004093
Carl Edwards Jr.,WSN,0,15,14,0,0,0,1,1,13,7,2,15,7,1.43,9.67,4.37,4.83,5.01,0,0,999,1.06,-0.75,1.08,13607
Jake Arrieta,,8,8,42,3,3,3,0,0,48,25,7,31,17,1.53,6.57,3.61,5.25,5.44,0,-0.1,999,3.25,-2.1,0.53,4153
Gregory Santos,,0,7,6,0,1,0,0,2,6,3,1,6,3,1.49,9.37,4.39,4.77,4.98,0,-0.1,999,1.41,-1.25,1.22,21894
AJ Ramos,,0,13,13,0,1,0,0,1,13,7,2,13,6,1.47,8.83,4.27,4.71,5.13,0,-0.1,999,1.88,-2.08,1.08,8350
Gabe Klobosits,WSN,0,13,14,1,1,0,0,2,14,8,2,11,7,1.54,7.31,4.35,5.25,5.06,0,-0.1,999,1.49,-1.85,1.01,19881
Carson Fulmer,LAD,0,6,8,0,1,0,0,0,8,5,1,8,5,1.75,9.02,5.87,5.69,5.02,0,-0.1,999,1.79,-0.32,1.12,18311
JD Hammer,COL,0,23,24,1,2,0,0,2,25,15,4,22,11,1.56,8.31,4.36,5.53,5.17,0,-0.1,999,3.4,-1.31,0.75,19548
Miguel Sánchez,MIL,0,28,28,1,1,0,0,2,28,15,4,25,12,1.43,8.11,3.94,4.69,4.74,0,-0.1,999,0.75,-0.05,0.83,20074
James Hoyt,,0,7,6,0,0,0,0,0,7,3,1,6,3,1.69,9.6,4.53,5.31,5.19,0,-0.1,999,3.83,-0.11,1.18,14605
Ronald Bolaños,KCR,0,15,20,1,1,0,0,1,20,10,3,18,11,1.55,8.36,4.96,4.8,4.79,0,0,999,3.3,-1.46,0.93,20041
Sean Nolin,WSN,1,11,15,1,1,0,0,1,16,8,3,13,6,1.54,7.68,3.86,5.08,5.29,0,0,999,3.91,-1.61,1.02,11341
Daniel Castano,,0,6,9,0,0,0,0,1,9,4,2,6,2,1.31,6.38,2.56,4.42,4.92,0,0,999,2.12,-2.01,1.23,19805
Grant Holmes,OAK,0,39,42,1,2,0,0,4,43,21,6,38,18,1.44,8.14,3.87,4.53,4.54,0,-0.1,999,3.19,-0.83,0.66,sa828669
Kyle Tyler,BOS,0,17,26,1,1,0,0,2,26,13,4,20,8,1.32,7.02,2.73,4.38,4.8,0,0,999,1.77,-2.45,1.01,22092
J.P. Feyereisen,TBR,0,59,60,3,4,0,3,15,53,28,8,60,31,1.4,8.96,4.62,4.23,4.57,0,0,597.6,1.81,0.23,0.54,16610
Matt Peacock,ARI,0,21,26,1,2,0,0,2,30,13,3,16,9,1.51,5.68,3.25,4.72,4.56,0,-0.1,999,2.56,-2.05,0.87,20339
Felix Bautista,BAL,0,14,14,1,1,0,0,1,14,8,2,15,9,1.57,9.28,5.59,5.06,5.19,0,-0.1,999,2.55,-2.2,0.99,sa737480
Luke Farrell,,0,9,11,1,0,0,0,1,10,6,2,12,6,1.44,9.65,4.62,4.84,4.86,0,-0.1,999,1.45,-0.25,1.11,15101
Dusten Knight,TBR,0,8,9,0,0,0,0,0,9,5,2,9,4,1.37,8.35,3.58,4.75,4.99,0,0,999,1.94,-1.22,1.17,16537
Junior Guerra,,0,31,34,2,2,0,0,3,33,19,5,31,17,1.47,8.12,4.49,4.97,4.82,0,-0.1,999,1.2,-1.95,0.64,5702
Tyler Beede,SFG,2,30,38,2,2,1,0,1,38,21,5,37,20,1.5,8.68,4.67,4.92,4.56,0,-0.2,568.5,4.61,-0.79,0.58,16981
Graham Spraker,TOR,0,14,15,1,1,0,0,1,15,8,2,13,6,1.42,8.24,3.72,4.93,4.83,0,0,999,3.19,-2,1.05,sa3004024
Chase Anderson,,5,7,27,1,2,1,0,0,30,17,5,19,11,1.51,6.46,3.58,5.68,5.67,0,0,999,4.51,-1.11,0.77,6895
Wandisson Charles,,0,12,13,0,1,0,0,1,11,6,2,13,8,1.5,9.08,5.58,4.57,4.77,0,0,999,1.42,-1.69,1.11,sa874818
Domingo Tapia,KCR,0,51,53,3,3,0,1,11,54,27,6,44,25,1.49,7.46,4.18,4.54,4.55,0,0.1,999,2.18,-0.27,0.54,12178
Phillips Valdez,BOS,0,23,26,1,1,0,0,2,26,14,3,23,12,1.52,8,4.37,4.87,4.59,-0.1,0,999,2.96,-3.29,0.82,15605
Miguel Romero,OAK,0,12,13,1,1,0,0,1,14,7,2,10,6,1.48,7.02,3.75,4.85,4.81,-0.1,-0.1,999,2.37,-2.02,1.08,sa3003109
Luis Avilán,WSN,0,16,16,1,1,0,0,1,16,8,3,14,7,1.46,8.12,3.89,4.73,5.13,-0.1,0,999,1.24,-1.03,1.02,2882
Hunter Harvey,WSN,0,24,26,1,1,0,0,4,27,13,4,24,9,1.37,8.11,3.23,4.6,4.56,-0.1,-0.2,600.2,1.68,-0.74,0.9,15507
Miguel Diaz,,0,13,15,1,1,0,0,1,14,7,2,15,7,1.42,9.12,4.23,4.57,4.82,-0.1,0,999,1.43,-1.06,1.06,18815
Anderson Severino,CHW,0,13,13,1,1,0,0,1,12,7,2,12,8,1.59,8.52,5.63,4.97,5.13,-0.1,-0.1,999,2.79,-2.69,1.04,sa838671
Tanner Roark,,5,6,27,1,2,2,0,0,30,16,5,21,10,1.44,6.87,3.26,5.14,5.73,-0.1,0.1,999,2.11,-2.4,0.8,8753
Scott Blewett,KCR,0,5,10,0,0,0,0,0,11,6,1,8,4,1.62,7.34,4.03,5.58,4.96,-0.1,0,999,5.71,-1.81,1.09,16427
Adam Kolarek,,0,28,28,1,1,0,0,3,32,14,3,18,11,1.51,5.65,3.47,4.42,4.68,-0.1,0,999,4.14,-1.47,0.89,10843
Paul Campbell,,0,23,29,1,2,0,0,1,30,16,5,24,10,1.38,7.58,3.18,4.85,4.66,-0.1,-0.2,999,1.61,-1.95,0.83,22248
Albert Abreu,NYY,0,36,43,2,2,0,0,6,41,23,7,46,23,1.49,9.5,4.76,4.83,4.78,-0.1,-0.1,999,3.45,-1.36,0.51,17485
Cory Abbott,CHC,3,9,27,1,1,1,0,1,26,16,6,25,13,1.49,8.33,4.55,5.3,5.63,-0.1,0,999,4.7,-0.67,0.78,20277
Edgar García,,0,11,13,1,0,0,0,0,12,8,2,12,7,1.47,8.42,4.99,5.41,5.16,-0.1,-0.1,999,2.66,-1.27,1.05,19276
Neftalí Feliz,,0,13,13,1,1,0,0,0,12,6,3,14,5,1.32,9.58,3.78,4.51,5.29,-0.1,0,999,0.64,-0.2,1.12,18
Drew Hutchison,DET,1,5,15,1,1,1,0,0,17,8,2,12,8,1.59,6.86,4.42,4.67,5.55,-0.1,0,999,4.52,0.02,1.01,10732
Derek Holland,BOS,1,33,37,2,2,0,0,4,37,19,6,37,15,1.4,9.13,3.6,4.64,4.87,-0.1,0.1,999,3.01,-0.5,0.68,4141
Shane Greene,LAD,0,18,19,1,0,0,0,2,19,9,3,17,7,1.34,8.23,3.31,4.5,5.15,-0.1,0,999,1.39,-0.33,1.05,10756
Keynan Middleton,,0,22,22,1,1,0,2,2,21,12,3,21,10,1.46,8.59,4.31,4.83,4.81,-0.1,-0.1,999,0.95,0.61,0.93,15264
Eric Hanhold,,0,38,38,1,2,0,0,3,39,21,5,31,17,1.47,7.31,3.96,4.95,4.74,-0.1,-0.3,999,2.2,-1.26,0.71,18332
Ralph Garza Jr.,BOS,0,46,49,2,3,0,0,5,48,25,7,46,22,1.44,8.5,4.11,4.61,4.67,-0.1,0,999,1.68,0.44,0.51,17682
Jordan Holloway,,0,26,32,2,2,0,0,2,30,16,4,30,19,1.54,8.44,5.49,4.62,4.84,-0.1,-0.2,999,1.87,-2.11,0.72,20631
Matt Moore,,2,19,27,1,1,0,0,1,28,15,5,24,11,1.45,8.17,3.79,5.06,5.28,-0.1,0,999,2.88,-2.31,0.8,1890
Ryan Buchter,SEA,0,11,10,0,0,0,0,1,10,5,2,10,5,1.51,9.17,4.79,4.77,5.38,-0.1,-0.1,999,1.6,-0.82,1.12,9456
Wes Benjamin,,0,9,12,0,1,0,0,0,14,7,2,9,6,1.68,7.39,4.33,5.24,5.36,-0.1,0,999,7.04,-0.64,1.05,19243
Jason Foley,DET,0,23,23,1,1,0,0,4,24,12,3,18,11,1.54,7.22,4.47,4.52,4.82,-0.1,0,999,4.55,-1.22,0.94,19531
Riley O'Brien,CIN,1,12,14,1,2,0,0,1,14,7,3,13,7,1.51,8.92,4.59,4.95,5.55,-0.1,0,999,3.53,-3,1.03,20348
Antonio Santos,,0,13,22,1,2,0,0,1,24,13,3,18,10,1.54,7.19,3.94,5.3,4.96,-0.1,-0.3,999,2.08,0.02,0.87,20383
Hansel Robles,,0,57,58,3,3,0,2,8,54,29,9,61,26,1.39,9.57,4,4.53,4.61,-0.1,0.1,596,1.94,-0.15,0.46,11801
Adam Conley,,0,29,32,1,1,0,1,3,29,14,5,28,13,1.33,7.99,3.58,4.04,4.83,-0.1,0.2,999,3.59,1.04,0.95,14457
Josh Rogers,WSN,11,24,68,3,5,3,0,0,78,42,15,43,20,1.45,5.64,2.7,5.54,5.68,-0.1,-0.3,600.8,4.11,-0.67,0.68,18510
Scott Kazmir,,6,9,32,2,2,2,0,0,33,17,5,26,12,1.42,7.26,3.46,4.85,5.36,-0.1,0,999,1.43,-1.56,0.75,4897
Bryan Shaw,,0,66,65,4,4,0,0,10,65,34,9,58,30,1.47,8.05,4.2,4.69,4.64,-0.1,-0.1,597.8,0.95,-0.75,0.45,8110
Adrian Sampson,CHC,3,7,22,1,2,1,0,0,26,12,5,16,7,1.5,6.28,2.96,4.87,5.7,-0.1,0.1,999,6.78,0.26,0.92,13339
Rony García,DET,0,18,22,1,1,0,0,1,22,12,4,19,9,1.4,7.69,3.61,4.87,4.98,-0.1,-0.1,999,2.68,-2.41,0.93,20430
Chasen Shreve,NYM,0,34,34,1,2,0,0,6,32,17,6,33,16,1.41,8.67,4.2,4.56,4.84,-0.1,-0.2,999,1.09,1.05,0.75,10855
Andrew Miller,,0,51,48,2,2,0,1,5,45,24,7,50,21,1.38,9.43,3.92,4.55,4.71,-0.1,0,999,2.18,-0.41,0.57,6785
Mike Foltynewicz,,16,18,89,4,6,6,0,0,92,52,18,67,29,1.37,6.79,2.97,5.29,5.7,-0.1,0.1,600.4,2.63,-0.23,0.81,10811
Ian Kennedy,ARI,0,55,57,2,3,0,6,9,55,27,11,61,18,1.27,9.55,2.85,4.26,4.9,-0.1,0.1,409.8,1.56,-0.79,0.73,6986
Andres Machado,WSN,0,48,48,2,2,0,0,10,49,26,8,42,20,1.46,7.89,3.79,4.92,4.86,-0.1,-0.2,999,1.96,-2.15,0.49,14681
Anthony Banda,PIT,0,52,61,3,3,0,1,12,64,31,8,51,24,1.46,7.64,3.63,4.62,4.79,-0.1,-0.2,999,5.59,-1.41,0.47,14706
Dan Winkler,TEX,0,25,25,1,2,0,0,4,24,13,4,25,13,1.49,8.88,4.65,4.68,5.01,-0.1,0,999,0.87,-2.92,0.87,12237
Yennsy Díaz,NYM,0,20,22,1,1,0,0,1,22,12,4,19,10,1.47,7.84,4.22,5.02,5.22,-0.1,-0.2,999,2.86,-2.57,0.91,20218
Tyler Thornburg,ATL,0,31,31,1,1,0,0,3,32,17,5,29,15,1.5,8.53,4.32,4.9,4.94,-0.1,-0.1,999,0.77,0.77,0.72,10688
Zack Burdi,,0,19,24,0,1,0,0,1,23,14,5,26,13,1.5,9.54,4.77,5.13,5.24,-0.1,-0.2,999,2.32,0.31,0.86,19159
Nick Neidert,MIA,1,22,33,2,2,1,0,1,35,19,5,23,12,1.47,6.23,3.43,5.25,5.03,-0.2,-0.4,999,2.62,-2.57,0.71,18699
Robert Gsellman,,0,23,27,1,1,0,0,3,30,14,4,20,9,1.42,6.74,2.95,4.73,4.95,-0.2,-0.2,999,1.48,-1.69,0.91,13696
Shelby Miller,,0,12,14,0,1,0,0,1,14,8,2,12,7,1.55,7.97,4.76,5.21,5.48,-0.2,-0.2,999,5.78,-1.68,1.03,10197
Buck Farmer,,0,34,34,1,2,0,0,3,35,20,6,32,15,1.46,8.45,4.02,5.11,5.23,-0.2,-0.2,999,1.45,-0.29,0.65,14814
Jesse Hahn,,0,47,44,3,3,0,2,11,39,21,6,45,23,1.41,9.16,4.71,4.35,5.01,-0.2,0.2,999,1.85,-0.9,0.62,13287
J.B. Bukauskas,ARI,0,29,31,2,1,0,0,4,31,16,5,28,17,1.52,8.2,4.83,4.75,4.87,-0.2,-0.1,600.5,1.72,-1.94,0.71,20491
Jordan Sheffield,COL,0,47,48,2,2,0,0,4,49,29,8,43,26,1.58,8.08,4.99,5.44,5.29,-0.2,-0.2,999,2.1,1.42,0.52,19682
Brandon Workman,TEX,0,31,32,2,2,0,1,5,31,17,5,32,17,1.5,8.94,4.8,4.82,4.93,-0.2,-0.1,999,1.06,-0.8,0.71,11428
Matt Bush,TEX,0,19,19,1,1,0,0,4,19,10,4,18,8,1.43,8.73,3.98,4.97,5.28,-0.2,-0.1,999,1.6,-1.53,0.98,1246
Caleb Baragar,ARI,0,20,19,1,1,0,1,3,19,11,4,16,9,1.47,7.67,4.25,4.94,5.33,-0.2,-0.1,999,2.88,-1.41,0.93,19231
Brad Peacock,KCR,0,8,12,0,1,0,0,1,12,7,2,11,5,1.43,8.52,3.87,5.13,5.72,-0.2,0,999,2.72,-1.01,1.1,5401
Justin Garza,CLE,0,21,25,1,1,0,0,2,24,14,4,25,13,1.5,8.89,4.67,5.06,5.11,-0.2,-0.1,999,3.27,-3.3,0.8,19784
Yency Almonte,LAD,0,34,35,2,2,0,0,2,35,20,6,33,16,1.47,8.53,4.14,5.24,4.95,-0.2,-0.4,999,2.8,-0.98,0.61,15068
Julio Teheran,,18,18,87,4,6,5,0,0,87,53,17,69,40,1.46,7.15,4.13,5.42,5.96,-0.2,0.1,600.4,2.63,0.86,0.95,6797
Héctor Santiago,,1,22,34,1,2,0,0,1,34,17,6,36,16,1.45,9.32,4.11,4.55,5.23,-0.2,0,999,2.64,-0.33,0.74,4026
Erasmo Ramírez,,0,21,26,1,1,0,0,2,28,14,4,20,8,1.37,7.01,2.83,5.01,5.21,-0.2,-0.2,999,3.38,-1.18,0.9,10314
Ashton Goudeau,COL,1,23,31,1,2,0,0,1,37,20,6,21,12,1.58,6.13,3.45,5.8,5.52,-0.2,-0.2,999,4.04,-1.25,0.65,15139
Kyle Zimmer,,0,46,47,2,2,0,0,6,45,25,7,46,25,1.49,8.8,4.86,4.78,4.79,-0.2,0,999,1.98,0.05,0.48,14169
Mike Fiers,,11,11,54,3,4,4,0,0,61,32,12,35,16,1.43,5.81,2.73,5.32,6,-0.2,-0.1,999,3.11,0.18,0.52,7754
Tyler Clippard,,0,50,50,2,2,0,2,7,46,25,9,48,17,1.26,8.55,3.07,4.41,4.87,-0.2,0,600.8,3.28,0.55,0.7,5640
Bryan Garcia,DET,0,36,36,1,2,0,1,3,39,22,6,28,17,1.54,6.98,4.29,5.33,5.18,-0.2,-0.3,999,2.85,-1.29,0.64,19457
Anthony Gose,CLE,0,39,41,3,2,0,0,6,33,22,5,48,33,1.6,10.61,7.2,4.73,5,-0.3,0,601,3.85,-0.43,0.51,5097
Yusmeiro Petit,,0,66,66,4,4,0,0,10,70,35,12,42,14,1.27,5.79,1.85,4.77,5,-0.3,-0.3,601,3.63,0.37,0.56,4020
Pedro Báez,HOU,0,51,52,3,2,0,1,10,49,26,9,46,20,1.34,8.01,3.51,4.48,5.2,-0.3,0,999,2.57,0.15,0.56,5420
Josh Tomlin,,1,46,50,2,3,1,0,3,57,29,11,37,9,1.32,6.69,1.65,5.14,5.16,-0.3,-0.3,999,0.84,-1.3,0.6,9388
Jhoulys Chacín,COL,1,53,63,3,3,1,0,11,68,37,11,51,26,1.49,7.31,3.74,5.28,5.41,-0.4,-0.1,999,1.74,0.11,0.52,2608
Ervin Santana,,0,37,40,2,2,0,0,2,43,23,8,33,14,1.42,7.29,3.19,5.17,5.44,-0.5,-0.2,999,3.31,-1.74,0.62,3200
