Name,Team,GS,G,IP,W,L,QS,SV,HLD,H,ER,HR,SO,BB,WHIP,K/9,BB/9,ERA,FIP,-1,WAR,RA9-WAR,-1,ADP,-1,InterSD,InterSK,IntraSD,playerid
Jacob deGrom,NYM,25,25,149,11,5,16,0,0,106,43,15,213,36,0.95,12.81,2.18,2.56,2.44,,5.2,4.8,,16.8,,6.72,-0.05,1.97,10954
Corbin Burnes,MIL,28,29,169,12,6,16,0,0,130,58,17,217,48,1.05,11.57,2.54,3.09,2.78,,5.1,4.7,,10.6,,2.91,0.07,1.35,19361
Gerrit Cole,NYY,30,30,189,15,8,18,0,0,147,66,26,248,47,1.03,11.82,2.24,3.16,3.23,,4.9,5.2,,6.8,,4.26,0.27,1.57,13125
Zack Wheeler,PHI,28,29,180,12,9,16,0,0,158,70,20,184,46,1.14,9.21,2.32,3.52,3.37,,4.4,4,,33.9,,4.2,0.15,0.85,10310
Shane Bieber,CLE,28,28,173,13,8,17,0,0,143,64,22,214,47,1.1,11.14,2.44,3.33,3.18,,4.4,4.4,,31.4,,7.94,-1.19,1.08,19427
Aaron Nola,PHI,30,31,181,12,9,14,0,0,158,76,26,209,49,1.14,10.4,2.43,3.75,3.58,,4.1,3.5,,42,,5.28,-0.43,0.96,16149
Brandon Woodruff,MIL,31,31,182,12,9,18,0,0,150,68,22,204,48,1.09,10.07,2.39,3.37,3.38,,4.1,4.4,,20.4,,3.25,0.06,1.08,16162
Max Scherzer,NYM,28,28,171,12,8,16,0,0,135,62,24,217,45,1.05,11.37,2.34,3.26,3.43,,3.8,3.7,,18.5,,4.16,-1.7,1.28,3137
Walker Buehler,LAD,31,31,188,13,7,18,0,0,159,75,25,193,51,1.12,9.22,2.45,3.57,3.72,,3.7,3.7,,17.9,,6.33,-0.44,0.96,19374
Lucas Giolito,CHW,30,30,179,12,8,15,0,0,147,74,27,207,57,1.14,10.45,2.86,3.74,3.84,,3.7,3.5,,42.2,,3.28,1.66,0.95,15474
Logan Webb,SFG,30,30,167,11,7,14,0,0,152,65,14,161,49,1.2,8.69,2.63,3.51,3.25,,3.6,3.3,,68.6,,3.25,-0.06,0.73,17995
Nathan Eovaldi,BOS,29,29,165,10,8,13,0,0,158,71,21,168,37,1.19,9.18,2.05,3.87,3.55,,3.6,3.4,,130.8,,3.82,-0.04,0.65,9132
Freddy Peralta,MIL,29,30,160,11,8,13,0,0,117,66,22,205,65,1.14,11.54,3.68,3.69,3.65,,3.6,3.2,,52.9,,3.83,-0.43,0.87,18679
Eduardo Rodriguez,DET,31,32,176,12,10,13,0,0,162,74,21,184,58,1.25,9.41,2.95,3.79,3.72,,3.5,3.4,,144.8,,6.28,-0.9,0.98,13164
Max Fried,ATL,30,31,178,15,8,17,0,0,162,69,20,174,50,1.19,8.81,2.55,3.48,3.59,,3.5,4.1,,69.1,,3.64,0.39,1.06,13743
Julio Urías,LAD,30,31,173,13,7,13,0,0,156,69,24,172,43,1.15,8.95,2.22,3.6,3.75,,3.3,3.3,,33,,5,-0.58,0.87,14765
Lance Lynn,CHW,30,30,176,12,8,14,0,0,153,73,25,189,55,1.18,9.67,2.79,3.74,3.96,,3.3,3.4,,70.1,,4.08,-0.46,0.83,2520
Dylan Cease,CHW,31,31,166,12,9,12,0,0,139,70,24,203,67,1.24,11,3.63,3.81,3.9,,3.3,3.2,,79.9,,4.13,-1.29,1.08,18525
Frankie Montas,OAK,30,31,177,12,9,15,0,0,157,72,23,190,54,1.19,9.66,2.75,3.64,3.69,,3.2,3.5,,91.8,,3.51,-0.55,0.81,14309
Sandy Alcantara,MIA,30,31,190,12,11,18,0,0,168,76,22,181,56,1.18,8.58,2.64,3.6,3.71,,3.2,3.4,,42.8,,4.71,-0.5,0.79,18684
José Berríos,TOR,31,31,188,13,9,15,0,0,172,81,25,191,52,1.2,9.19,2.49,3.88,3.89,,3.2,3.8,,77.5,,4.76,-0.73,0.99,14168
Joe Musgrove,SDP,30,31,175,11,10,14,0,0,153,72,24,189,51,1.17,9.74,2.63,3.68,3.76,,3.1,3,,69.9,,4.02,-1.51,0.76,12970
Kevin Gausman,TOR,30,30,174,11,8,15,0,0,152,72,26,191,46,1.14,9.91,2.4,3.71,3.79,,3.1,3.9,,70.6,,2.26,-0.54,0.82,14107
Trevor Rogers,MIA,30,30,158,10,9,12,0,0,135,63,18,174,56,1.21,9.93,3.19,3.58,3.53,,3,3,,90.9,,3.53,-0.76,0.69,22286
Framber Valdez,HOU,28,29,172,12,8,15,0,0,156,70,16,161,68,1.3,8.4,3.56,3.67,3.76,,3,3.5,,147.2,,3.87,-0.27,1.23,17295
Robbie Ray,SEA,30,30,177,11,9,15,0,0,139,72,28,226,64,1.15,11.52,3.28,3.64,3.89,,3,3.4,,49.1,,4.45,-0.98,0.99,11486
Luis Castillo,CIN,28,28,165,11,9,14,0,0,149,71,20,169,63,1.28,9.2,3.42,3.88,3.91,,3,3.2,,115.2,,3.52,1.41,1.01,15689
Charlie Morton,ATL,27,27,152,11,7,13,0,0,128,61,17,166,49,1.17,9.87,2.89,3.65,3.7,,2.8,3.2,,92,,1.65,0.13,0.65,4676
Carlos Rodón,SFG,25,26,140,10,7,11,0,0,114,55,16,171,46,1.14,10.95,2.95,3.53,3.54,,2.8,2.7,,102.8,,3.94,-0.47,0.66,16137
Germán Márquez,COL,30,30,179,11,11,15,0,0,179,91,25,167,58,1.32,8.38,2.89,4.58,4.19,,2.8,2.7,,259.1,,5.97,-0.45,1.74,15038
Sean Manaea,OAK,30,30,168,11,10,14,0,0,157,70,23,165,39,1.16,8.85,2.07,3.76,3.9,,2.7,3.1,,138.9,,4.54,-0.57,0.65,15873
Jordan Montgomery,NYY,30,30,159,9,7,11,0,0,150,71,23,161,48,1.25,9.12,2.74,4.04,4.01,,2.7,2.5,,207.2,,4.22,-0.36,0.74,16511
Alek Manoah,TOR,28,28,157,11,6,13,0,0,130,67,22,174,53,1.17,10.03,3.07,3.82,3.89,,2.7,3.3,,91.7,,2.98,-0.96,0.73,26410
Yu Darvish,SDP,29,29,168,11,9,13,0,0,144,75,27,187,48,1.14,10.05,2.58,4,3.96,,2.7,2.3,,97.6,,2.34,0.96,0.95,13074
Pablo López,MIA,26,27,145,9,8,12,0,0,129,60,17,143,39,1.16,8.83,2.45,3.69,3.62,,2.7,2.4,,138.2,,2.43,0.3,0.48,17085
Shohei Ohtani,LAA,25,38,136,9,6,11,0,0,112,54,17,158,50,1.19,10.43,3.31,3.59,3.68,,2.7,2.9,,8.9,,4.91,0.12,0.53,19755
Sonny Gray,MIN,29,29,158,10,9,12,0,0,138,69,19,161,60,1.25,9.16,3.43,3.95,3.93,,2.6,2.8,,161.4,,4.2,0.5,0.79,12768
John Means,BAL,29,29,163,9,11,12,0,0,154,76,31,146,35,1.16,8.05,1.94,4.18,4.51,,2.6,2.6,,215.9,,3.4,-0.46,0.83,16269
Shane McClanahan,TBR,28,28,151,11,7,10,0,0,133,62,19,167,51,1.22,9.95,3.02,3.67,3.64,,2.6,2.8,,107.9,,3.28,-0.73,0.71,21483
Michael Kopech,CHW,22,34,128,8,6,7,0,6,103,53,18,160,50,1.2,11.26,3.49,3.75,3.76,,2.6,2.4,,160.2,,3.3,-0.84,0.48,17282
Marcus Stroman,CHC,30,30,171,10,11,14,0,0,169,76,20,140,50,1.28,7.34,2.63,3.98,4.03,,2.5,2.8,,184.6,,3.97,0.48,0.85,13431
Tyler Mahle,CIN,30,30,165,10,9,12,0,0,152,80,27,177,59,1.28,9.62,3.23,4.33,4.31,,2.5,2.2,,132.7,,2.98,0.5,1.24,16358
Clayton Kershaw,LAD,22,23,130,10,6,12,0,0,119,52,19,135,28,1.13,9.38,1.91,3.63,3.74,,2.5,2.4,,142.8,,2,0.05,0.62,2036
Hyun Jin Ryu,TOR,28,28,160,11,9,13,0,0,157,70,22,138,38,1.22,7.79,2.13,3.97,4,,2.4,3.1,,205.6,,2.01,-0.82,0.68,14444
Ranger Suárez,PHI,25,29,146,10,8,11,0,0,138,62,17,131,49,1.29,8.12,3.05,3.84,3.96,,2.4,2.7,,179.8,,3.65,-0.63,0.72,17277
Tanner Houck,BOS,24,31,132,8,6,8,0,0,119,60,15,142,49,1.28,9.7,3.33,4.1,3.71,,2.4,2.3,,202.3,,5.27,0.22,0.56,19879
Patrick Sandoval,LAA,25,26,142,9,8,9,0,0,126,62,20,146,55,1.28,9.3,3.49,3.95,4.1,,2.3,2.5,,191.7,,3.5,-0.52,0.64,19447
Chris Bassitt,NYM,29,29,165,10,8,13,0,0,149,71,23,160,48,1.2,8.73,2.64,3.86,4.02,,2.3,2.3,,123.4,,2.53,-0.5,0.61,12304
Blake Snell,SDP,28,28,144,9,7,10,0,0,118,62,20,173,64,1.26,10.81,3.97,3.86,3.89,,2.3,2.2,,112.9,,3.74,-0.28,0.75,13543
Jon Gray,TEX,30,31,168,10,10,12,0,0,157,78,23,164,58,1.28,8.79,3.09,4.17,4.13,,2.3,2.5,,228.5,,2.17,-2.37,1.05,14916
Zac Gallen,ARI,28,28,159,8,8,12,0,0,141,71,23,169,59,1.26,9.59,3.33,4.04,4.06,,2.2,2.5,,172.1,,1.45,-0.22,0.78,19291
Logan Gilbert,SEA,28,28,146,8,8,10,0,0,133,68,23,152,40,1.18,9.34,2.44,4.16,4.02,,2.2,1.9,,155.2,,3.93,-2.09,0.67,22250
Joe Ryan,MIN,25,25,134,8,7,8,0,0,113,62,21,141,36,1.11,9.48,2.44,4.14,3.97,,2.2,2.1,,216.9,,3.37,0.47,0.84,21390
Bailey Ober,MIN,27,27,135,8,7,8,0,0,128,62,23,136,32,1.18,9.07,2.13,4.12,4.1,,2.2,2.1,,257,,4.13,-0.59,0.52,21224
Luis Severino,NYY,23,29,133,9,6,9,0,0,120,57,17,142,37,1.17,9.6,2.47,3.84,3.96,,2.1,2.4,,174.5,,2.94,0.52,0.45,15890
Brady Singer,KCR,28,28,145,8,9,11,0,0,144,69,17,135,53,1.35,8.35,3.25,4.25,4.01,,2.1,2.1,,491.6,,4.83,-0.14,1.02,25377
Ian Anderson,ATL,28,29,154,10,7,11,0,0,136,69,19,152,66,1.31,8.89,3.87,4.01,4.17,,2.1,2.5,,149.5,,3.76,0.94,1.05,19951
Adam Wainwright,STL,27,28,169,11,9,14,0,0,162,75,23,135,48,1.24,7.18,2.55,4.02,4.29,,2.1,2.7,,190.8,,5.6,0.56,0.74,2233
Mike Clevinger,SDP,21,22,120,8,6,9,0,0,103,49,16,131,41,1.2,9.79,3.1,3.69,3.87,,2.1,2,,170.6,,2.38,0.4,0.36,12808
Antonio Senzatela,COL,29,29,166,8,10,12,0,0,191,92,22,108,45,1.43,5.86,2.47,5,4.52,,2,1.8,,586.4,,6.26,0.82,2.07,15488
Tarik Skubal,DET,30,30,155,9,10,11,0,0,140,71,27,171,51,1.23,9.91,2.97,4.09,4.29,,2,2.4,,193.9,,3,-0.03,0.78,22267
Jameson Taillon,NYY,26,26,136,8,7,9,0,0,130,66,22,128,39,1.24,8.46,2.57,4.4,4.35,,2,1.6,,297.4,,2,-0.21,0.72,11674
Luis Garcia,HOU,25,31,137,9,7,7,3,7,121,60,21,144,51,1.25,9.49,3.32,3.94,4.16,,1.9,2.2,,140.9,,5.53,-0.82,0.48,23735
Zach Eflin,PHI,24,25,139,8,8,11,0,0,144,68,22,122,33,1.27,7.91,2.13,4.37,4.29,,1.9,1.6,,462.9,,2.61,-0.37,0.68,13774
Alex Cobb,SFG,25,25,137,9,7,9,0,0,133,60,15,122,46,1.31,8.04,3.03,3.97,3.87,,1.9,1.9,,240.6,,3.48,0.48,0.72,6562
Chris Sale,BOS,19,19,106,7,5,7,0,0,89,41,14,129,29,1.12,10.97,2.5,3.51,3.7,,1.9,2.7,,111.3,,4.81,-1.76,0.64,10603
José Urquidy,HOU,26,26,138,9,7,10,0,0,129,65,24,121,32,1.17,7.91,2.06,4.24,4.38,,1.9,1.7,,210.2,,3.96,0.63,0.7,18413
Steven Matz,STL,28,28,150,10,9,10,0,0,146,70,22,136,47,1.29,8.14,2.84,4.2,4.33,,1.9,2.1,,250.1,,5.35,-0.06,0.88,13361
Dane Dunning,TEX,25,25,128,8,9,7,0,0,125,61,16,117,46,1.34,8.23,3.25,4.28,4.08,,1.9,1.7,,499.8,,2.63,0.18,0.76,19409
Kyle Gibson,PHI,30,31,181,10,10,15,0,0,180,89,26,155,68,1.37,7.72,3.4,4.43,4.58,,1.9,1.9,,400.6,,3.67,2.75,1.76,10123
Chris Flexen,SEA,30,31,176,10,10,13,0,0,181,83,26,139,47,1.3,7.1,2.42,4.24,4.39,,1.9,2,,410,,2.62,-0.6,1.12,13896
Noah Syndergaard,LAA,25,25,136,8,9,9,0,0,138,66,20,122,35,1.27,8.04,2.31,4.39,4.52,,1.9,1.7,,202.6,,4.45,0.83,0.7,11762
Justin Verlander,HOU,23,23,136,10,6,12,0,0,112,55,22,156,35,1.08,10.29,2.32,3.65,4.22,,1.8,2.7,,87.7,,9.28,-0.33,0.83,8700
Huascar Ynoa,ATL,24,25,128,8,6,9,0,0,118,58,18,132,43,1.26,9.28,3.04,4.08,4.04,,1.8,2,,245.2,,2.86,0.56,0.42,20468
Shane Baz,TBR,19,19,97,6,5,7,0,0,81,40,14,108,29,1.13,9.99,2.69,3.67,3.73,,1.8,1.8,,159.9,,3.64,-0.17,0.58,22264
Mike Minor,CIN,25,26,143,8,9,10,0,0,138,74,26,137,43,1.26,8.64,2.68,4.66,4.55,,1.8,1.5,,547.8,,2.19,-0.58,1.1,10021
Marco Gonzales,SEA,29,29,172,11,10,13,0,0,172,83,29,135,46,1.27,7.08,2.4,4.34,4.65,,1.7,1.8,,325.3,,1.37,0.32,1.13,15467
Kyle Hendricks,CHC,30,31,181,11,10,15,0,0,191,92,29,130,40,1.28,6.45,2,4.57,4.62,,1.7,1.6,,290.6,,4.76,-0.13,1.45,12049
Merrill Kelly,ARI,28,29,169,9,11,11,0,0,176,88,27,134,48,1.33,7.14,2.58,4.69,4.55,,1.7,1.3,,513.8,,3.59,0.92,1.53,11156
Anthony DeSclafani,SFG,29,30,161,10,9,13,0,0,155,76,24,140,48,1.26,7.83,2.67,4.22,4.29,,1.7,1.7,,212.9,,3.24,0.37,0.86,13050
Cal Quantrill,CLE,26,27,147,8,8,10,0,0,146,69,22,122,45,1.3,7.43,2.77,4.19,4.4,,1.7,2.1,,268.7,,6.54,1.47,0.72,19312
Yusei Kikuchi,TOR,28,29,154,9,8,12,0,0,147,74,24,149,57,1.32,8.7,3.3,4.32,4.37,,1.7,2.3,,294.5,,7.36,-0.49,1.09,20633
Casey Mize,DET,30,30,157,8,9,11,0,0,151,75,23,124,47,1.26,7.11,2.69,4.32,4.49,,1.7,2.1,,268.3,,2.21,1.28,0.73,20492
Nick Pivetta,BOS,28,29,153,9,9,9,0,0,145,80,25,161,61,1.35,9.45,3.58,4.68,4.55,,1.7,1.8,,353.6,,3.28,0.1,1.59,15454
Alex Wood,SFG,26,26,137,8,7,10,0,0,130,60,17,135,40,1.24,8.82,2.64,3.95,4.05,,1.7,1.9,,217,,2.8,-0.18,0.38,13781
Drew Rasmussen,TBR,22,32,120,7,5,7,0,0,103,51,14,121,46,1.24,9.09,3.43,3.79,3.86,,1.7,1.9,,283.2,,2.79,-0.41,0.27,25385
Zack Greinke,KCR,27,27,161,9,9,12,0,0,165,80,25,119,36,1.25,6.64,1.99,4.44,4.45,,1.6,2.1,,316.2,,3.85,0.97,0.93,1943
Josiah Gray,WSN,27,27,141,7,8,10,0,0,133,74,26,140,51,1.3,8.9,3.24,4.7,4.68,,1.6,1.1,,289.6,,3.89,0.36,1.14,24580
Brad Keller,KCR,26,27,148,9,11,10,0,0,150,74,17,119,61,1.43,7.26,3.74,4.49,4.35,,1.6,1.8,,581.6,,3.92,-0.46,1.56,15734
Miles Mikolas,STL,24,24,130,7,8,9,0,0,134,61,19,91,29,1.25,6.29,2.02,4.22,4.39,,1.6,1.8,,513.2,,1.78,-0.12,0.36,9803
Triston McKenzie,CLE,27,27,138,7,8,10,0,0,114,69,24,151,57,1.24,9.85,3.71,4.5,4.56,,1.6,1.5,,226,,2.93,1.26,0.92,18000
Patrick Corbin,WSN,29,29,170,10,11,13,0,0,174,88,28,150,56,1.35,7.96,2.97,4.64,4.6,,1.6,1.5,,462.2,,6.45,-0.03,1.7,9323
Jack Flaherty,STL,19,20,105,8,5,10,0,0,87,44,16,113,36,1.17,9.63,3.05,3.73,4.05,,1.5,2.1,,151.6,,2.45,1.64,0.41,17479
Aaron Civale,CLE,28,29,166,10,10,12,0,0,166,82,29,138,43,1.26,7.49,2.35,4.42,4.57,,1.5,1.9,,268.2,,4.39,0.05,1.12,19479
Kyle Freeland,COL,28,28,152,8,10,11,0,0,170,86,24,118,53,1.47,6.97,3.13,5.07,4.86,,1.5,1.5,,576.8,,3.03,0.66,2.11,16256
Cole Irvin,OAK,29,29,165,9,12,12,0,0,178,83,26,118,41,1.32,6.43,2.22,4.53,4.55,,1.5,1.4,,538.9,,2.58,0.83,1.21,19244
Lance McCullers Jr.,HOU,14,14,80,6,4,7,0,0,67,32,8,87,33,1.25,9.73,3.74,3.63,3.66,,1.5,1.6,,295.4,,2.26,0.09,0.47,14120
Aaron Ashby,MIL,8,44,88,6,4,4,0,2,73,37,8,102,39,1.28,10.52,3.99,3.79,3.43,,1.5,1.2,,261.5,,2.99,-0.26,0.3,23550
Ryan Yarbrough,TBR,22,24,140,8,8,9,0,0,144,73,22,106,30,1.25,6.84,1.94,4.7,4.44,,1.5,0.8,,548.2,,3.91,0.29,1.01,16502
Zach Plesac,CLE,28,28,161,10,10,11,0,0,161,80,27,126,40,1.24,7.02,2.22,4.49,4.6,,1.5,1.8,,362.8,,3.39,0.05,1.07,19979
Luis Patiño,TBR,18,44,121,7,6,6,0,1,106,55,18,128,46,1.26,9.57,3.44,4.09,4.15,,1.5,1.3,,312.6,,3.38,-0.7,0.34,22815
JT Brubaker,PIT,26,27,141,7,10,9,0,0,138,73,23,131,47,1.31,8.42,2.99,4.66,4.48,,1.4,1,,538.1,,4,-0.87,1.09,17578
Eric Lauer,MIL,24,27,133,8,8,9,0,0,126,64,21,125,49,1.32,8.45,3.29,4.34,4.48,,1.4,1.5,,306.1,,4.56,3.23,0.75,19316
Adrian Houser,MIL,27,29,143,8,8,9,0,0,141,69,17,108,60,1.4,6.78,3.75,4.36,4.5,,1.4,1.7,,470.3,,3.88,0.61,1.24,12718
Nestor Cortes,NYY,19,31,119,7,6,7,0,0,110,58,22,124,39,1.25,9.32,2.96,4.39,4.56,,1.4,1.3,,329.7,,2.38,-1.11,0.51,17874
Andrew Heaney,LAD,23,27,127,8,7,9,0,1,119,62,24,136,37,1.23,9.63,2.63,4.37,4.49,,1.4,1.1,,309.4,,5.71,1.05,0.69,15423
Michael Pineda,DET,23,24,122,8,8,8,0,0,124,60,20,97,27,1.24,7.16,2,4.38,4.44,,1.3,1.5,,474.9,,4.27,0.1,0.53,5372
Dylan Bundy,MIN,27,28,148,8,10,10,0,0,145,79,25,137,51,1.32,8.31,3.1,4.8,4.68,,1.3,1.1,,507.9,,3.09,0.32,1.41,12917
Mitch Keller,PIT,24,30,126,7,9,5,0,1,127,66,16,110,52,1.43,7.85,3.72,4.74,4.39,,1.3,0.7,,482,,4.9,-1.18,1.26,17594
José Suarez,LAA,22,24,122,7,8,5,0,0,121,64,19,108,48,1.39,7.99,3.53,4.72,4.63,,1.3,1.1,,542.2,,2.27,-0.37,1.08,19911
Bruce Zimmermann,BAL,24,24,120,6,8,7,0,0,125,64,21,101,45,1.41,7.57,3.34,4.8,4.88,,1.3,1,,598.8,,3.72,-1.1,1.1,20370
Carlos Carrasco,NYM,24,25,131,8,8,9,0,0,123,61,21,133,42,1.26,9.07,2.86,4.19,4.46,,1.2,1.3,,280,,3.99,-0.59,0.5,6632
Dallas Keuchel,CHW,26,26,146,9,9,8,0,0,159,75,20,95,51,1.44,5.85,3.13,4.61,4.79,,1.2,1.4,,568.3,,3.89,1.18,1.58,9434
Chris Paddack,SDP,15,32,94,6,5,6,0,1,91,44,15,89,20,1.18,8.54,1.91,4.23,3.97,,1.2,0.8,,449.4,,2.77,1.07,0.43,20099
Austin Gomber,COL,26,26,131,8,9,10,0,0,132,71,23,117,49,1.38,8.07,3.39,4.9,4.8,,1.2,1.6,,555,,5.39,-0.3,1.42,16561
Stephen Strasburg,WSN,19,20,112,7,6,9,0,0,99,51,16,110,37,1.22,8.89,2.99,4.15,4.54,,1.2,1.6,,310.5,,4.82,-0.35,0.26,10131
Wade Miley,CHC,28,28,155,9,10,11,0,0,162,75,21,113,56,1.4,6.56,3.22,4.35,4.76,,1.2,1.7,,516.5,,4.89,-0.8,1.42,8779
Matt Manning,DET,25,25,128,7,9,8,0,0,132,68,18,99,45,1.38,6.95,3.16,4.76,4.61,,1.2,1,,544.4,,3.82,-1.75,1.08,20369
Carlos Hernández,KCR,24,26,131,8,8,9,0,0,122,64,19,116,55,1.35,7.99,3.75,4.4,4.56,,1.2,1.8,,408.6,,3.93,0.21,0.88,22713
Corey Kluber,TBR,25,25,134,8,7,9,0,0,125,61,18,131,47,1.28,8.81,3.13,4.09,4.48,,1.2,1.8,,324.8,,2.66,-0.21,0.56,2429
Dakota Hudson,STL,20,26,116,7,6,7,0,0,113,54,13,86,49,1.39,6.64,3.79,4.19,4.44,,1.1,1.5,,472.6,,4.53,1.82,0.81,19206
Tylor Megill,NYM,17,26,97,6,5,7,0,1,89,46,15,101,32,1.25,9.4,2.95,4.25,4.18,,1.1,0.7,,325.5,,2.08,-0.68,0.15,21318
Kris Bubic,KCR,24,25,134,7,8,10,0,0,129,67,19,118,58,1.4,7.89,3.89,4.47,4.65,,1.1,1.6,,538.4,,3.74,-0.1,1.1,21455
Luke Weaver,ARI,24,24,124,7,9,8,0,0,123,66,21,116,40,1.31,8.38,2.92,4.76,4.52,,1.1,0.8,,528.8,,2.77,-0.8,0.93,16918
Madison Bumgarner,ARI,29,29,164,8,10,11,0,0,165,92,31,133,46,1.29,7.32,2.5,5.04,4.97,,1.1,0.7,,512.3,,1.81,-0.01,1.81,5524
Cristian Javier,HOU,13,41,109,6,4,6,0,5,85,50,17,131,52,1.25,10.78,4.24,4.1,4.32,,1.1,1.2,,288.6,,1.53,0.99,0.3,17606
Reiver Sanmartin,CIN,10,32,82,5,5,5,0,1,83,40,11,73,26,1.32,8,2.84,4.36,4.07,,1.1,0.9,,559.5,,1.86,0.84,0.2,19754
James Kaprielian,OAK,21,24,114,6,7,8,0,0,106,56,19,112,40,1.28,8.84,3.18,4.4,4.54,,1.1,1.1,,486.4,,2.31,-0.56,0.42,18331
Reid Detmers,LAA,18,19,96,6,7,6,0,0,90,48,17,102,36,1.32,9.54,3.39,4.52,4.56,,1.1,1.1,,399,,3.21,-0.5,0.37,27468
Domingo Germán,NYY,13,27,85,5,5,6,0,1,78,41,15,87,25,1.22,9.3,2.67,4.35,4.34,,1,1,,537,,1.92,-0.57,0.32,17149
Hunter Greene,CIN,17,17,89,6,6,5,0,0,83,45,15,91,35,1.33,9.15,3.55,4.53,4.62,,1,1,,421.7,,1.68,0.36,0.31,sa3005315
Sixto Sánchez,,10,13,58,4,4,4,0,0,55,25,6,51,16,1.23,7.88,2.51,3.87,3.77,,1,0.8,,541.2,,2.01,-0.76,0.7,19680
Nick Lodolo,CIN,12,12,63,3,4,4,0,0,59,30,10,64,21,1.27,9.22,3.03,4.33,4.24,,1,0.9,,501.1,,1.9,0.56,0.44,sa917947
Mike Soroka,ATL,12,12,63,4,4,5,0,0,64,30,7,49,18,1.3,7.03,2.52,4.32,4.02,,1,0.8,,559.4,,1.68,-0.55,0.48,18383
Trevor Bauer,LAD,10,10,59,4,3,7,0,0,47,23,10,70,20,1.13,10.7,2.99,3.55,4.04,,1,1.2,,223.4,,7.58,0.27,0.81,12703
Spencer Howard,TEX,19,26,92,4,6,3,0,0,88,51,14,90,39,1.38,8.79,3.78,5.03,4.5,,1,0.3,,579,,3.25,-0.53,0.69,23252
Zach Thompson,PIT,21,38,128,6,8,8,0,0,127,65,19,105,49,1.37,7.41,3.43,4.58,4.67,,1,0.8,,554.7,,4.12,0.65,0.91,16094
Jesús Luzardo,MIA,21,28,115,6,8,5,0,0,110,57,18,111,45,1.34,8.66,3.48,4.44,4.45,,1,0.8,,271,,2.55,-0.05,0.62,19959
Grayson Rodriguez,BAL,10,10,51,3,3,3,0,0,44,23,8,56,18,1.22,9.87,3.13,4.03,4.08,,0.9,0.9,,520.7,,3.45,0.72,0.71,sa3008130
Zac Lowther,BAL,21,25,117,5,8,5,0,1,121,65,19,100,52,1.49,7.7,4.02,4.99,4.98,,0.9,0.7,,999,,10.08,-1.55,1.38,20243
Matthew Boyd,SFG,11,28,76,4,5,5,0,1,71,36,12,76,22,1.23,9.03,2.65,4.22,4.09,,0.9,0.6,,589.6,,5.38,0.17,0.37,15440
Michael Wacha,BOS,19,30,108,5,6,5,0,0,115,59,19,99,31,1.35,8.26,2.6,4.88,4.61,,0.9,0.8,,553.2,,5.06,-0.06,0.79,14078
Elieser Hernandez,MIA,25,25,126,5,7,6,0,0,119,62,25,125,36,1.22,8.89,2.55,4.39,4.7,,0.9,1,,329.3,,2.69,-0.64,0.57,16933
Keegan Akin,BAL,20,21,104,5,7,6,0,0,106,58,19,92,43,1.43,7.98,3.72,5,5.03,,0.9,0.6,,600,,4.34,-0.54,0.98,19362
Glenn Otto,TEX,13,20,70,4,5,4,0,0,66,36,9,69,27,1.32,8.85,3.43,4.58,4.18,,0.9,0.6,,590.4,,3.83,-1.59,0.28,21366
Matt Brash,SEA,14,28,92,5,5,5,0,1,82,44,13,97,40,1.33,9.5,3.89,4.34,4.32,,0.9,0.8,,530.6,,3.26,-0.36,0.24,sa3010616
Tony Gonsolin,LAD,18,30,102,6,5,5,0,1,90,48,16,105,44,1.32,9.32,3.93,4.23,4.52,,0.9,1,,298,,2.98,-0.06,0.32,19388
Roansy Contreras,,12,12,63,3,4,4,0,0,59,29,8,60,21,1.28,8.55,3.06,4.14,4.07,,0.9,0.9,,522.1,,3.01,-0.25,0.49,22810
Jake Odorizzi,HOU,15,39,99,6,6,4,0,1,93,49,16,94,33,1.28,8.62,3,4.43,4.45,,0.9,0.8,,540.4,,2.34,-1.43,0.29,6397
Tyler Alexander,DET,13,45,102,4,5,3,0,3,106,50,17,84,26,1.31,7.42,2.35,4.45,4.47,,0.9,0.8,,590.4,,3.94,-0.34,0.26,17735
José Quintana,PIT,23,28,128,6,8,6,0,0,127,64,18,121,52,1.41,8.5,3.68,4.52,4.81,,0.9,1,,581.4,,7.1,-0.32,1.11,11423
Luis Gil,NYY,11,36,80,4,4,4,0,1,68,39,12,93,42,1.39,10.51,4.8,4.37,4.52,,0.8,0.7,,541.7,,1.86,-0.91,0.36,21052
Daulton Jefferies,OAK,17,28,104,5,6,4,0,1,112,53,17,78,22,1.3,6.79,1.94,4.59,4.45,,0.8,0.7,,591.4,,4.43,-0.92,0.4,19345
Martín Pérez,TEX,22,23,113,6,8,7,0,0,121,60,17,89,41,1.43,7.06,3.26,4.76,4.79,,0.8,0.8,,597.3,,4.08,-0.69,1.01,6902
Rich Hill,BOS,20,30,115,6,6,6,0,0,110,58,19,103,41,1.32,8.09,3.2,4.54,4.8,,0.7,1.4,,489.7,,4.68,0.92,0.57,4806
Daniel Lynch,KCR,16,19,83,5,6,5,0,0,86,44,12,67,32,1.41,7.23,3.41,4.73,4.61,,0.7,0.7,,569.1,,2.74,-0.96,0.48,21537
Nick Martínez,SDP,18,30,110,6,6,7,0,0,103,54,17,98,43,1.32,7.98,3.47,4.42,4.71,,0.7,0.7,,515.3,,5.66,-0.02,0.46,12730
Tyler Anderson,LAD,18,27,107,6,5,5,0,1,110,56,20,87,31,1.31,7.32,2.57,4.73,4.91,,0.7,0.4,,560.9,,4.57,3.2,0.63,12880
Joe Ross,WSN,12,13,68,4,4,5,0,0,69,36,11,61,23,1.35,8.08,3.04,4.73,4.58,,0.7,0.5,,600.7,,2.02,0.02,0.31,12972
David Peterson,NYM,14,16,72,4,4,6,0,0,66,33,10,67,30,1.35,8.46,3.74,4.13,4.39,,0.7,0.7,,596.8,,1.82,-0.36,0.35,20302
Taylor Hearn,TEX,20,28,116,6,8,6,0,0,113,62,19,105,52,1.42,8.11,4,4.79,4.9,,0.7,0.7,,588.4,,2.45,-0.72,1.08,18325
A.J. Alexy,TEX,16,18,88,5,5,4,0,0,81,48,14,80,43,1.41,8.17,4.42,4.92,4.92,,0.7,0.5,,596,,4.96,0.76,0.63,22343
Nate Pearson,TOR,9,37,76,5,4,4,0,1,64,35,12,83,34,1.3,9.82,4.08,4.16,4.4,,0.6,1,,478.5,,3.1,-0.45,0.19,20160
George Kirby,SEA,10,10,52,3,3,4,0,0,52,25,7,45,15,1.28,7.76,2.62,4.25,4.3,,0.6,0.6,,579.6,,1.68,0.33,0.65,sa3011526
Jordan Lyles,BAL,26,27,148,7,10,10,0,0,159,88,32,119,51,1.42,7.19,3.09,5.37,5.47,,0.6,0.3,,581.5,,4.46,0.36,2.15,7593
Adbert Alzolay,CHC,12,14,63,3,4,4,0,0,59,32,11,62,22,1.29,8.85,3.19,4.58,4.54,,0.6,0.5,,499.1,,1.68,0.76,0.38,17859
Cody Morris,CLE,6,23,55,3,3,2,0,3,50,25,8,59,20,1.27,9.56,3.28,4.07,4.13,,0.6,0.7,,577.2,,1.62,0.87,0.57,sa3008653
Chris Archer,MIN,19,20,97,5,6,6,0,0,93,51,16,96,38,1.36,8.97,3.54,4.74,4.84,,0.6,0.8,,599.1,,3.21,1.31,0.55,6345
James Paxton,BOS,9,9,43,3,3,3,0,0,40,21,7,47,15,1.26,9.72,3.06,4.35,4.09,,0.6,0.6,,584.3,,1.63,-0.42,0.67,11828
MacKenzie Gore,SDP,13,14,70,3,4,5,0,0,67,35,10,65,30,1.38,8.31,3.81,4.55,4.64,,0.6,0.4,,999,,2.19,-0.24,0.3,sa3005068
Taijuan Walker,NYM,26,26,138,8,8,9,0,0,131,68,22,124,49,1.3,8.09,3.18,4.45,4.99,,0.6,0.9,,430.9,,2.7,0.09,0.81,11836
Matthew Liberatore,STL,11,15,71,4,5,5,0,0,71,35,11,56,23,1.32,7.1,2.9,4.48,4.68,,0.6,0.7,,586.2,,1.01,1.37,0.34,sa3008163
Josh Fleming,TBR,9,29,83,6,5,1,0,4,89,39,10,58,23,1.35,6.24,2.49,4.27,4.26,,0.6,0.6,,600.4,,2.83,-1.45,0.39,20418
Cade Cavalli,WSN,10,10,54,2,3,3,0,0,52,29,7,52,26,1.45,8.77,4.39,4.84,4.6,,0.6,0.4,,569.5,,3.56,-0.13,0.41,sa3014421
Michael Lorenzen,LAA,14,36,95,5,5,4,0,8,93,47,13,81,38,1.37,7.61,3.56,4.39,4.78,,0.6,0.9,,549.6,,4.55,0.19,0.39,14843
Edward Cabrera,MIA,12,31,78,4,6,4,0,1,68,37,11,84,36,1.33,9.72,4.16,4.25,4.36,,0.6,0.6,,527.8,,3.06,-0.17,0.23,21690
Erick Fedde,WSN,15,40,105,5,7,6,0,0,109,56,17,86,38,1.4,7.41,3.28,4.82,4.77,,0.6,0.4,,591.6,,4.84,-0.65,0.8,17425
Griffin Canning,LAA,7,24,60,3,3,3,0,1,57,30,10,62,23,1.32,9.21,3.4,4.48,4.49,,0.5,0.4,,597.5,,1.55,0.74,0.38,19867
Dean Kremer,BAL,11,23,67,3,4,4,0,1,68,38,13,57,26,1.41,7.77,3.47,5.14,5.1,,0.5,0.2,,999,,3.37,-2.6,0.44,19350
Alec Mills,CHC,18,29,107,5,6,5,0,1,115,59,18,76,33,1.38,6.37,2.8,4.98,4.89,,0.5,0.3,,594.2,,1.81,-0.08,0.86,13834
Drew Smyly,CHC,17,27,97,5,6,5,0,1,98,52,19,91,34,1.37,8.51,3.21,4.87,4.93,,0.5,0.4,,572.9,,2.22,-0.86,0.67,11760
Jackson Kowar,KCR,9,25,67,3,5,4,0,1,65,35,10,63,28,1.39,8.52,3.78,4.67,4.47,,0.5,0.5,,594.2,,2.57,-1.23,0.3,21549
J.A. Happ,,19,19,102,5,7,7,0,0,106,57,19,82,34,1.38,7.23,3.04,5.04,5.04,,0.5,0.4,,598,,2.64,-2.04,0.85,7410
Bryse Wilson,PIT,19,23,106,5,8,6,0,0,118,61,19,71,34,1.43,6.05,2.88,5.17,5.13,,0.5,0.1,,600.6,,4.19,-0.72,1.08,19990
Brett Anderson,,14,14,70,4,5,5,0,0,79,37,9,40,22,1.44,5.15,2.78,4.73,4.77,,0.5,0.5,,600.9,,1.38,1.33,0.51,8223
Yonny Chirinos,TBR,10,26,68,4,3,4,0,1,66,32,10,58,20,1.26,7.69,2.61,4.26,4.4,,0.5,0.6,,600.8,,2.76,-0.03,0.46,16401
Jaime Barría,LAA,15,17,81,4,5,5,0,0,90,46,15,57,23,1.4,6.38,2.6,5.18,5.15,,0.5,0.3,,999,,3.16,-2.72,0.61,18356
Randy Dobnak,MIN,7,17,47,3,3,2,0,1,52,25,6,29,14,1.4,5.57,2.65,4.75,4.41,,0.5,0.3,,600.7,,1.64,-0.6,0.59,23798
Justin Steele,CHC,10,39,76,5,5,3,0,1,71,37,11,73,35,1.4,8.62,4.17,4.44,4.61,,0.5,0.5,,599.7,,1.19,-0.47,0.33,17312
Josh Winder,MIN,8,17,56,2,3,3,0,1,56,29,9,47,16,1.29,7.59,2.58,4.72,4.62,,0.4,0.4,,999,,3.13,0.53,0.56,sa3007993
Tucker Davidson,ATL,12,21,67,4,3,5,0,0,63,32,9,62,32,1.42,8.35,4.29,4.32,4.62,,0.4,0.8,,579.7,,2.59,0.65,0.41,19871
Ross Stripling,TOR,8,43,78,5,4,3,0,2,77,39,14,72,22,1.27,8.3,2.54,4.52,4.62,,0.4,0.6,,586.7,,2.59,-0.02,0.29,13273
Justin Dunn,CIN,13,13,63,3,4,3,0,0,58,34,12,60,32,1.44,8.61,4.54,4.92,5.25,,0.4,0.5,,588.7,,2.32,-0.18,0.38,19268
D.L. Hall,,6,7,35,2,2,3,0,0,32,19,5,38,19,1.43,9.66,4.87,4.74,4.69,,0.4,0.3,,600.2,,3.24,-0.16,0.64,sa3005282
Reynaldo López,CHW,6,40,69,4,4,2,0,1,66,34,12,67,24,1.3,8.76,3.08,4.42,4.58,,0.4,0.4,,567.8,,4.06,-1.22,0.3,16400
Justus Sheffield,SEA,9,30,70,4,5,4,0,1,71,36,9,61,31,1.45,7.83,3.94,4.54,4.49,,0.4,0.3,,600,,3.09,-0.67,0.43,17285
Max Meyer,MIA,6,17,42,2,2,2,0,1,40,19,5,39,17,1.38,8.42,3.73,4.16,4.29,,0.4,0.4,,563.8,,1.86,-1.05,0.72,sa3014430
Tyler Gilbert,ARI,11,20,72,4,5,5,0,1,75,39,12,55,26,1.39,6.82,3.19,4.85,4.86,,0.3,0.4,,598.7,,4.96,0.41,0.39,17964
Peter Lambert,COL,15,20,76,4,6,3,0,0,90,49,14,55,27,1.52,6.42,3.15,5.75,5.21,,0.3,0.1,,600.8,,4.06,-1.54,0.99,17969
Lewis Thorpe,,7,20,49,3,3,2,0,1,53,28,8,39,18,1.44,7.1,3.36,5.03,4.85,,0.3,0.1,,599.9,,1.75,-0.75,0.48,15906
Packy Naughton,,4,11,33,1,2,1,0,1,36,17,4,24,9,1.38,6.47,2.52,4.69,4.39,,0.3,0.1,,999,,3.52,-0.41,0.85,23292
Vladimir Gutierrez,CIN,22,22,119,6,8,9,0,0,127,71,25,95,46,1.46,7.18,3.46,5.41,5.51,,0.3,0.2,,587.4,,4.18,0.85,1.68,19278
Max Kranick,PIT,5,18,39,2,3,2,0,0,41,22,6,30,13,1.38,6.92,2.99,5,4.67,,0.3,-0.1,,999,,3.18,-0.51,0.66,22175
Matt Harvey,,10,10,47,2,4,3,0,0,52,27,8,35,15,1.41,6.72,2.81,5.21,5.28,,0.3,0.1,,999,,4.67,-2.33,0.54,11713
Ethan Small,MIL,8,9,40,2,2,3,0,1,37,21,6,37,20,1.42,8.31,4.43,4.76,4.83,,0.3,0.3,,600.9,,3.56,0.94,0.61,sa3011621
Ryan Rolison,,8,9,48,2,3,3,0,0,54,30,9,38,18,1.48,6.99,3.31,5.65,5.2,,0.3,0.1,,601,,2.04,-1.59,0.52,sa3008244
Kyle Muller,ATL,8,9,41,2,3,2,0,0,38,21,6,39,22,1.46,8.48,4.81,4.59,4.71,,0.3,0.4,,592.5,,1.82,0.31,0.58,20167
Kyle Bradish,,4,26,48,2,3,2,0,1,46,25,8,47,22,1.41,8.78,4.17,4.6,4.79,,0.3,0.2,,999,,2.75,-0.78,0.5,sa3008605
Tobias Myers,CLE,5,11,35,2,3,2,0,0,34,18,6,32,11,1.28,8.21,2.72,4.62,4.55,,0.3,0.2,,999,,1.87,1.1,0.8,sa918088
Cristopher Sánchez,PHI,1,14,27,2,2,0,0,1,25,13,3,27,14,1.47,8.91,4.78,4.3,4.18,,0.3,0.1,,999,,1.97,-0.23,0.85,20778
Kwang Hyun Kim,,6,21,54,3,3,3,8,0,53,25,8,40,20,1.33,6.64,3.24,4.13,4.8,,0.3,0.6,,596.6,,4.03,1.95,0.9,27458
Tyler Glasnow,TBR,2,2,12,1,1,1,0,0,8,4,2,15,4,1.09,12.04,3.21,3.34,3.45,,0.2,0.3,,599.8,,4.76,1.62,1.23,14374
Spencer Strider,ATL,3,19,33,4,2,1,0,1,29,16,5,35,14,1.33,9.75,3.92,4.34,4.48,,0.2,0.3,,597.5,,4.61,-0.89,0.7,27498
Johnny Cueto,,16,16,90,5,6,5,0,0,94,48,15,73,28,1.36,7.27,2.85,4.79,5.04,,0.2,0.4,,581.9,,0.96,-0.28,0.49,6893
Ryan Weathers,SDP,6,18,43,2,2,1,0,1,45,23,7,35,14,1.37,7.17,2.97,4.68,4.78,,0.2,0,,600.8,,3.51,-0.72,0.65,23796
Adrian Morejon,SDP,3,11,18,1,1,1,0,0,16,7,2,20,7,1.25,10.09,3.44,3.68,3.82,,0.2,0.3,,999,,2.51,0.02,1.1,20039
Devin Smeltzer,MIN,2,13,22,1,1,0,0,0,22,11,3,19,6,1.27,7.87,2.41,4.52,4.26,,0.2,0.1,,999,,1.21,-0.55,1.04,19487
Sammy Long,SFG,4,26,46,2,2,1,0,1,43,22,6,43,17,1.31,8.43,3.26,4.31,4.22,,0.2,0.2,,598.2,,2.56,-0.14,0.7,25379
Kyle Wright,ATL,6,12,36,2,2,2,0,1,36,19,5,31,15,1.41,7.61,3.64,4.73,4.64,,0.2,0.2,,589.2,,1.45,-2.1,0.69,19665
Jordan Balazovic,,4,4,21,1,2,2,0,0,22,11,3,17,8,1.44,7.35,3.58,4.82,4.61,,0.2,0.2,,600.9,,1.72,0.67,0.96,sa918017
Trevor Cahill,,7,9,38,2,3,2,0,0,40,21,6,32,16,1.44,7.41,3.66,5.01,4.89,,0.2,0.1,,999,,1.7,-1.27,0.61,6249
Jon Heasley,KCR,4,18,38,2,2,1,0,1,40,20,6,31,14,1.39,7.26,3.17,4.73,4.75,,0.2,0.2,,999,,2.58,-1.17,0.7,22224
Adam Oller,OAK,5,8,31,1,2,1,0,1,30,16,5,26,12,1.37,7.76,3.46,4.72,4.68,,0.2,0.1,,999,,3.87,-0.48,0.82,sa913099
Zach Davies,ARI,20,20,101,5,7,5,0,0,108,58,16,73,42,1.48,6.47,3.75,5.17,5.18,,0.2,0.3,,593.5,,2.86,1.7,1.13,13183
Nick Margevicius,SEA,5,16,36,2,2,2,0,1,37,18,6,31,12,1.36,7.76,2.92,4.55,4.56,,0.2,0.1,,999,,1.9,-0.4,0.77,20395
Paul Blackburn,OAK,4,21,36,2,3,1,0,3,41,19,5,26,11,1.42,6.49,2.64,4.6,4.47,,0.2,0.1,,999,,3.6,-1,0.76,14739
Chris Mazza,TBR,2,12,24,1,1,0,0,0,23,12,3,22,9,1.33,8.02,3.42,4.31,4.3,,0.2,0.1,,999,,1.78,0.04,0.97,14151
Eli Morgan,CLE,6,33,63,3,4,3,0,2,63,35,12,57,19,1.31,8.19,2.73,4.94,4.82,,0.2,0,,600.6,,2.25,-1.38,0.45,20203
Brendan McKay,,2,9,15,1,1,1,0,1,13,6,2,17,5,1.21,10.15,3.02,3.84,3.79,,0.2,0.2,,999,,1.55,-1.11,1.17,20186
Vince Velasquez,CHW,7,30,55,3,3,2,0,0,52,31,11,58,23,1.37,9.49,3.84,4.99,5.03,,0.2,0.1,,599.2,,2.07,-0.04,0.39,11189
Cole Winn,TEX,5,5,23,1,1,1,0,0,22,12,4,21,10,1.37,8.25,3.83,4.9,4.8,,0.2,0.1,,592.9,,4.26,1.04,0.92,sa3008662
Chad Kuhl,COL,11,21,62,3,5,3,0,1,64,38,11,56,29,1.5,8.11,4.24,5.51,5.28,,0.2,0.2,,600.8,,4.48,-0.05,0.6,14975
Jimmy Lambert,,5,19,39,2,3,1,0,1,37,21,7,38,17,1.39,8.85,4.01,4.85,4.87,,0.2,0.1,,999,,1.9,-2.28,0.59,19541
Brandon Williamson,CIN,2,2,12,1,1,1,0,0,12,7,2,13,5,1.32,9.57,3.42,4.75,4.45,,0.2,0.1,,600.3,,1.32,0.75,1.11,sa3011494
Johan Oviedo,,5,20,44,2,2,2,0,2,43,22,5,37,22,1.49,7.58,4.63,4.62,4.71,,0.2,0.3,,999,,2.79,-0.65,0.63,22487
Paolo Espino,WSN,16,24,87,4,6,4,0,2,94,49,18,69,25,1.38,7.19,2.64,5.08,5.39,,0.2,0.2,,598.7,,3.02,-0.18,0.62,8246
Simeon Woods Richardson,MIN,4,4,18,1,2,0,0,0,17,9,3,18,8,1.43,9.25,4.36,4.68,4.67,,0.2,0.2,,999,,2.33,0.24,0.98,sa3008423
Zach Logue,,3,4,20,1,1,1,0,1,20,10,3,17,6,1.3,7.63,2.66,4.63,4.67,,0.1,0.2,,999,,1.94,-1.55,1.05,sa915822
Angel Zerpa,KCR,2,4,12,1,1,0,0,0,12,6,1,10,4,1.38,7.63,3.18,4.41,4.11,,0.1,0.2,,999,,1.62,-0.18,1.14,22717
Charlie Barnes,,7,9,37,1,3,0,0,0,42,22,5,22,15,1.53,5.38,3.66,5.43,5.18,,0.1,0,,999,,5.05,-0.35,0.65,19865
Cody Ponce,,4,12,39,1,3,0,0,1,45,23,7,31,13,1.48,7.18,2.97,5.4,4.85,,0.1,-0.2,,999,,5.5,-0.19,0.62,17920
Kutter Crawford,BOS,3,11,19,1,2,1,0,1,19,10,3,20,7,1.33,9.14,3.14,4.72,4.39,,0.1,0.1,,999,,2.16,-1.2,1,20531
Deivi García,NYY,9,9,39,2,3,2,0,0,39,24,8,35,18,1.46,8.13,4.1,5.56,5.51,,0.1,0,,599.9,,4.93,-1.27,0.54,20276
Miguel Yajure,PIT,2,16,28,1,2,1,0,1,28,15,4,23,10,1.34,7.33,3.03,4.77,4.47,,0.1,0,,600.1,,2.14,-0.34,0.9,21111
Joan Adon,WSN,4,9,25,1,2,1,0,0,27,14,4,24,11,1.47,8.56,3.87,4.91,4.82,,0.1,0.1,,600.9,,3.55,-2.07,0.83,22925
Wil Crowe,PIT,16,36,98,4,7,5,0,1,101,56,17,84,43,1.48,7.75,4,5.13,5.17,,0.1,0,,598.6,,6.12,-0.32,1.02,19800
Kenta Maeda,MIN,1,1,6,0,0,0,0,0,5,3,1,6,2,1.16,9.19,2.63,4.21,3.96,,0.1,0.1,,600.6,,3.51,0.47,1.27,18498
Ryne Nelson,ARI,5,11,23,1,2,2,0,0,26,15,4,27,12,1.61,10.49,4.44,5.94,4.8,,0.1,-0.2,,999,,2.63,-0.66,0.7,sa3011524
Clarke Schmidt,NYY,2,7,15,1,1,1,0,0,15,8,2,13,6,1.39,8.16,3.57,4.7,4.53,,0.1,0.1,,598.8,,1.67,-1.34,1.08,19899
Aníbal Sánchez,WSN,17,17,89,4,6,5,0,0,97,55,18,67,31,1.44,6.74,3.15,5.57,5.49,,0.1,-0.2,,597.4,,2.76,0.3,1.06,3284
Wily Peralta,DET,5,24,52,2,4,2,0,2,54,27,7,38,22,1.47,6.48,3.87,4.7,4.99,,0.1,0.2,,600.8,,2.04,-1.56,0.54,7738
Touki Toussaint,,3,17,34,2,2,1,0,2,33,18,5,34,17,1.45,8.89,4.49,4.82,4.73,,0.1,0,,599.3,,1.99,-1.75,0.64,16929
Hans Crouse,,8,9,41,2,3,3,0,1,40,24,8,33,17,1.41,7.43,3.75,5.41,5.51,,0.1,0,,999,,3.41,-0.63,0.59,22192
Alec Bettinger,,2,7,19,1,1,1,0,0,20,11,4,15,6,1.35,7.1,2.67,5.06,4.95,,0.1,0,,999,,2.14,-2.8,1.02,20312
Ryan Feltner,,6,17,44,2,3,2,0,0,49,29,9,34,18,1.53,7.09,3.69,5.89,5.45,,0.1,0,,999,,3.85,-0.76,0.54,21446
Wade LeBlanc,,7,9,38,2,3,2,0,0,42,22,7,26,13,1.44,6.27,2.99,5.17,5.35,,0.1,0,,999,,1.86,-2.23,0.67,5221
Steven Brault,CHC,9,25,57,2,4,2,0,1,58,32,8,45,26,1.48,7.05,4.13,5,5,,0.1,0,,600.9,,1.62,-1.25,0.46,15291
Cole Hamels,,4,4,22,1,1,2,0,0,22,12,4,19,9,1.4,7.68,3.58,4.78,5.2,,0.1,0.1,,599.5,,1.12,2.05,0.94,4972
Andre Jackson,,3,9,23,1,1,0,0,1,23,13,4,20,10,1.43,8.03,3.82,5.01,5.1,,0.1,0,,601,,1.56,-1.36,0.89,21298
Humberto Castellanos,ARI,4,8,25,1,2,2,0,0,27,14,5,19,7,1.34,6.71,2.55,5.03,5.03,,0.1,0.1,,999,,3,0.93,0.91,21183
Tommy Romero,,2,4,11,1,1,1,0,0,10,5,2,11,4,1.28,8.88,3.11,4.58,4.57,,0.1,0.1,,600,,2.1,0.76,1.16,sa3004469
James McArthur,,2,2,10,0,1,0,0,0,10,6,2,8,4,1.4,7.13,3.5,5.14,5.06,,0.1,0,,999,,3.65,-1.13,1.16,sa3007715
Cooper Criswell,LAA,2,4,12,1,1,0,0,0,13,6,2,9,3,1.38,6.89,2.44,5.01,4.9,,0.1,0.1,,999,,1.77,-2,1.13,24975
Tanner Anderson,,2,4,12,0,1,0,0,0,14,7,1,7,5,1.51,4.72,3.39,5.22,4.76,,0.1,-0.1,,999,,4.76,-1.03,1.1,18029
Jonathan Stiever,CHW,3,7,22,1,1,1,0,0,23,13,4,19,7,1.38,7.92,2.96,5.33,5.21,,0.1,0,,999,,1.97,-1.95,0.91,24584
Janson Junk,LAA,4,6,22,1,1,1,0,0,24,13,4,17,8,1.43,6.94,3.28,5.26,5.25,,0.1,0,,999,,5.21,-1.57,0.9,23301
Braxton Garrett,MIA,2,10,19,1,1,1,0,0,18,9,3,16,8,1.39,7.93,3.8,4.49,4.59,,0,0.1,,999,,2.06,-1.64,1.03,21844
Logan Allen,CLE,4,29,51,2,3,2,0,2,54,28,8,42,21,1.47,7.39,3.73,4.91,4.74,,0,0.1,,600.8,,3.63,-0.44,0.48,18555
Connor Overton,CIN,1,4,8,0,0,0,0,0,8,4,1,6,2,1.32,6.92,2.49,4.5,4.75,,0,0.1,,999,,1.83,-0.9,1.24,18376
Asher Wojciechowski,SEA,3,3,15,0,1,0,0,0,16,9,3,14,6,1.42,8.4,3.39,5.16,5.34,,0,0,,999,,1.64,-1.92,1.05,10836
Daniel Mengden,,2,2,8,0,1,0,0,0,8,4,1,5,2,1.3,5.98,2.8,4.53,4.96,,0,0.1,,999,,0.22,0.12,1.23,16980
Chris Ellis,,1,1,6,0,0,0,0,0,6,3,1,4,3,1.52,6.92,4.3,5.28,5.56,,0,0,,600.8,,6.63,-0.54,1.21,16125
Jake Latz,TEX,1,2,7,0,0,0,0,0,7,4,1,7,3,1.41,8.29,3.9,4.92,5.16,,0,0,,999,,3.52,-2.17,1.2,21306
Ryan Weber,NYY,1,5,15,1,1,0,0,0,16,8,3,12,3,1.33,7.25,1.93,4.64,4.94,,0,0.1,,999,,1.21,-0.85,1.12,10160
Kohei Arihara,TEX,4,4,20,1,1,1,0,0,21,12,4,14,6,1.4,6.47,2.8,5.27,5.3,,0,0,,999,,1.87,-2.63,0.96,27505
Aaron Sanchez,WSN,7,13,41,2,3,1,0,0,44,25,6,28,19,1.53,6.04,4.08,5.54,5.35,,0,-0.2,,600.7,,3.87,-1.11,0.58,11490
Reiss Knehr,SDP,2,5,14,1,1,0,0,0,13,7,2,10,6,1.37,6.59,4.06,4.83,5,,0,0,,999,,4.58,-1.53,1.1,21541
Brian Howard,OAK,1,3,6,0,0,0,0,0,7,3,1,5,2,1.47,6.96,2.87,5.06,4.79,,0,0,,999,,3.21,-1.8,1.23,sa918377
Jordan Yamamoto,,2,11,19,1,1,0,0,1,19,11,3,17,7,1.39,7.76,3.51,5.16,4.96,,0,-0.2,,999,,2.6,-2.33,0.97,17585
Alan Rangel,,1,3,8,1,1,0,0,0,8,4,1,7,3,1.42,7.88,2.99,4.9,5.03,,0,0,,999,,1.1,-0.18,1.18,sa877578
Forrest Whitley,,1,2,8,0,0,0,0,0,8,5,1,9,5,1.56,9.5,5.48,5.12,5.19,,0,0,,999,,3.61,-2.35,1.14,sa917930
Ty Blach,COL,1,6,11,0,1,1,0,0,13,7,2,7,4,1.57,5.38,3.12,5.88,5.28,,0,-0.1,,999,,3.78,-2.95,1.07,14361
Matt Shoemaker,,7,7,35,2,3,2,0,0,36,20,6,25,12,1.37,6.56,3.07,5.25,5.29,,0,0,,999,,2.29,-0.55,0.73,4776
Connor Seabold,,3,5,16,1,1,1,0,0,17,10,3,12,6,1.42,6.67,3.28,5.41,5.19,,0,0,,999,,2.02,-0.38,1.01,19695
Dylan File,,1,6,11,1,1,0,0,1,11,6,2,9,3,1.35,7.16,2.64,4.89,5,,0,0.1,,999,,1.74,-1.04,1.15,sa3004197
Dillon Peters,PIT,11,42,86,4,5,5,0,2,89,44,14,72,31,1.39,7.61,3.25,4.59,5.16,,0,0.3,,600.8,,3.02,-0.91,0.4,18790
Thomas Eshelman,,2,3,10,0,1,0,0,0,13,7,2,5,3,1.51,4.56,2.5,5.74,6.02,,0,0,,999,,5.14,-1.09,1.11,18361
Robert Dugger,TBR,1,3,7,0,1,0,0,0,8,4,1,5,3,1.53,7.37,3.46,5.26,5.07,,0,0,,999,,3.03,-1.77,1.2,19191
Carlos Martínez,SFG,5,27,53,3,4,2,0,1,54,28,6,42,22,1.42,7.02,3.71,4.75,4.8,,0,-0.1,,597.4,,2.34,-2.03,0.48,11682
Corbin Martin,ARI,3,3,16,1,1,1,0,0,17,10,3,13,8,1.55,7.37,4.52,5.59,5.42,,0,0,,600.1,,3.11,-1.7,0.96,19884
Jake Woodford,STL,6,28,61,3,4,1,0,1,63,33,9,43,24,1.44,6.36,3.62,4.9,5.02,,0,0.1,,599.6,,2.6,-1.38,0.44,18674
Chase Anderson,,4,5,20,1,2,1,0,0,22,13,4,15,8,1.46,6.5,3.51,5.67,5.6,,0,-0.1,,999,,3.08,-2.51,0.91,6895
Tanner Roark,,4,4,20,1,1,1,0,0,22,12,4,15,7,1.42,6.75,3.25,5.12,5.63,,0,0,,999,,2.35,-2.66,0.95,8753
Bowden Francis,,2,6,12,1,1,1,0,0,12,7,2,10,5,1.4,7.94,3.64,5.25,5.32,,0,0.1,,999,,1.96,-1.36,1.1,sa918451
Thomas Szapucki,,1,2,7,0,0,0,0,0,7,4,1,6,3,1.54,8.26,4.69,5.38,5.31,,0,0,,999,,2.96,-1.04,1.19,21065
Joey Wentz,,2,2,9,0,1,1,0,0,10,6,2,7,5,1.6,7.15,4.58,5.79,5.71,,0,0,,999,,5.24,-2.28,1.11,sa917946
Tyler Ivey,,1,5,8,0,0,0,0,0,7,4,1,7,4,1.42,8.88,4.21,4.55,5.18,,0,0.1,,999,,2.55,-0.54,1.2,20237
Griffin Jax,MIN,6,26,55,3,3,3,0,1,60,32,11,43,19,1.42,6.94,3.05,5.27,5.21,,0,-0.1,,600.3,,2.95,-2.25,0.47,20253
Dan Straily,ARI,15,25,92,5,6,5,0,2,92,51,19,78,32,1.35,7.65,3.14,5.02,5.33,,0,0.3,,594.6,,3.79,0.63,0.65,9460
Jake Arrieta,,10,10,52,3,4,3,0,0,57,30,9,38,21,1.51,6.57,3.61,5.22,5.41,,0,-0.1,,999,,3.41,-2.02,0.49,4153
Andrew Albers,,1,2,8,0,0,0,0,0,9,5,2,6,2,1.46,6.39,2.63,5.31,5.85,,0,0,,999,,2.33,-0.64,1.17,7853
Beau Burrows,LAD,1,3,7,0,1,0,0,0,8,5,2,6,3,1.55,7.47,4,5.92,5.74,,0,-0.1,,999,,4.01,-0.79,1.15,18873
Cory Abbott,,3,9,30,1,2,1,0,0,29,17,6,28,15,1.49,8.48,4.55,5.22,5.51,,0,-0.1,,999,,4.81,-0.71,0.71,20277
José Ureña,MIL,10,13,52,2,4,2,0,0,58,30,9,36,20,1.5,6.24,3.53,5.16,5.49,,0,0.1,,999,,3.36,-0.47,0.51,11589
Drew Hutchison,DET,1,5,15,1,1,1,0,1,17,8,2,11,7,1.59,6.74,4.37,4.62,5.57,,-0.1,0.1,,999,,4.58,-0.12,1.02,10732
Josh Rogers,WSN,9,20,59,3,4,3,0,0,68,37,13,38,18,1.45,5.7,2.72,5.56,5.66,,-0.1,-0.3,,600.8,,3.97,-1.25,0.59,18510
Scott Kazmir,,5,7,26,1,2,2,0,0,28,14,5,22,11,1.44,7.53,3.6,4.91,5.45,,-0.1,0,,999,,1.38,-1.81,0.83,4897
Julio Teheran,,12,13,63,3,4,4,0,0,63,38,12,50,29,1.46,7.18,4.14,5.39,5.93,,-0.1,0.1,,600.4,,2.64,-0.15,0.53,6797
Mike Foltynewicz,,15,18,86,4,7,4,0,0,91,50,17,65,29,1.39,6.81,3.05,5.29,5.71,,-0.1,0.1,,601,,2.23,-1.52,0.76,10811
Adrian Sampson,CHC,2,7,23,1,1,1,0,0,27,13,5,15,8,1.51,5.99,2.98,5.16,5.8,,-0.2,0,,999,,6.05,0.09,0.89,13339
Mike Fiers,,9,9,48,3,4,3,0,0,54,29,11,30,15,1.43,5.72,2.77,5.41,6.12,,-0.3,0,,999,,2.17,1.43,0.55,7754
Chi Chi González,,8,42,70,2,3,1,0,2,86,39,13,47,23,1.55,6.02,2.96,4.96,5.39,,-0.3,0.1,,999,,8.66,-0.77,0.68,14663
